slug,keyword,cluster,selected_songs,action,action_note,path
best-vbs-theme-songs,Best vbs theme songs,vbs,Lead Me To The Rock | The Yearning | Acceptable,exists,,site\content\guides\best-vbs-theme-songs.md
bible-nursery-rhymes-lyrics,Bible Nursery Rhymes Lyrics,general,,exists,,site\content\guides\bible-nursery-rhymes-lyrics.md
bible-songs-for-kids-with-actions,Bible Songs for kids with actions,general,,exists,,site\content\guides\bible-songs-for-kids-with-actions.md
bible-songs-for-kids,Bible songs for kids,general,,exists,,site\content\guides\bible-songs-for-kids.md
bible-songs-for-kids-youtube,Bible songs for kids - youtube,general,,exists,,site\content\guides\bible-songs-for-kids-youtube.md
bible-songs-for-kids-pdf,Bible songs for kids PDF,general,,exists,,site\content\guides\bible-songs-for-kids-pdf.md
bible-songs-for-kids-lyrics,Bible songs for kids lyrics,general,,exists,,site\content\guides\bible-songs-for-kids-lyrics.md
bible-songs-for-kids-youtube,Bible songs for kids youtube,general,,exists,,site\content\guides\bible-songs-for-kids-youtube.md
bible-verse-songs,Bible verse songs,scripture_memory,,exists,,site\content\guides\bible-verse-songs.md
bible-verse-songs-for-preschoolers,Bible verse songs for preschoolers,scripture_memory,,exists,,site\content\guides\bible-verse-songs-for-preschoolers.md
bible-verses-set-to-music,Bible verses set to music,scripture_memory,,exists,,site\content\guides\bible-verses-set-to-music.md
children-christian-songs-mp3-download,Children Christian songs MP3 download,apps,,exists,,site\content\guides\children-christian-songs-mp3-download.md
children-gospel-songs-mp3-download,Children Gospel songs MP3 download,apps,,exists,,site\content\guides\children-gospel-songs-mp3-download.md
children-s-choir-songs-for-church,Children's Choir songs for Church,choir,,exists,,site\content\guides\children-s-choir-songs-for-church.md
children-s-praise-and-worship-songs-free,Children's praise and worship songs free,worship,Amen | Praise The Lord | Sing Praise To Him | Better Than Life | Shout,exists,,site\content\guides\children-s-praise-and-worship-songs-free.md
