relpath,action,chunks,changes_chars,notes
site/content/about.md,updated,1,3,
site/content/activities/40-popular-sunday-school-songs.md,updated,4,12714,
site/content/activities/action-songs-for-kids-for-sunday-school.md,updated,4,6486,
site/content/activities/action-songs-for-kids-sunday-school.md,updated,4,7023,
site/content/activities/best-vacation-bible-school-songs.md,updated,4,7611,
site/content/activities/best-vbs-theme-songs.md,updated,5,7305,
site/content/activities/bible-songs-for-kids-for-sunday-school.md,updated,5,8233,
site/content/activities/bible-songs-for-preschoolers-for-sunday-school.md,updated,4,9152,
site/content/activities/bible-story-songs-for-sunday-school.md,updated,4,5380,
site/content/activities/children-s-choir-songs-for-christmas.md,updated,5,8638,
site/content/activities/children-s-choir-songs-for-easter.md,updated,6,8273,
site/content/activities/children-s-choir-songs-for-sunday-school.md,updated,5,7214,
site/content/activities/children-s-church-songs-for-christmas.md,updated,4,7658,
site/content/activities/children-s-church-songs-for-easter.md,updated,7,8325,
site/content/activities/children-s-church-songs-for-sunday-school.md,updated,5,8629,
site/content/activities/children-s-ministry-christmas-songs.md,updated,6,10709,
site/content/activities/children-s-ministry-music-for-sunday-school.md,updated,4,7127,
site/content/activities/christian-christmas-songs-with-motions.md,updated,5,10151,
site/content/activities/christian-kids-playlist-for-sunday-school.md,updated,5,6412,
site/content/activities/christian-kids-songs-for-easter.md,updated,5,8063,
site/content/activities/christian-lullabies-for-kids-for-sunday-school.md,updated,4,7803,
site/content/activities/christian-preschool-songs-for-christmas.md,updated,6,11883,
site/content/activities/christian-songs-with-motions-for-sunday-school.md,updated,5,7592,
site/content/activities/christmas-action-songs-for-kids.md,updated,5,8724,
site/content/activities/christmas-bible-songs-for-kids.md,updated,5,5924,
site/content/activities/christmas-bible-songs-for-preschoolers.md,updated,5,13451,
site/content/activities/christmas-bible-songs.md,updated,6,11915,
site/content/activities/christmas-bible-story-songs.md,updated,6,10369,
site/content/activities/christmas-children-s-choir-songs.md,updated,5,9603,
site/content/activities/christmas-children-s-church-songs.md,updated,4,6272,
site/content/activities/christmas-children-s-ministry-music.md,updated,5,6574,
site/content/activities/christmas-christian-kids-playlist.md,updated,6,11247,
site/content/activities/christmas-christian-lullabies-for-kids.md,updated,3,7365,
site/content/activities/christmas-christian-songs-with-motions.md,updated,5,13423,
site/content/activities/christmas-christmas-songs-for-kids.md,updated,7,7945,
site/content/activities/christmas-easter-songs-for-kids.md,updated,6,9865,
site/content/activities/christmas-kids-christian-music.md,updated,5,8449,
site/content/activities/christmas-kids-church-music.md,updated,5,8286,
site/content/activities/christmas-kids-devotional-songs.md,updated,5,8953,
site/content/activities/christmas-kids-faith-songs.md,updated,6,7254,
site/content/activities/christmas-kids-gospel-music.md,updated,5,10424,
site/content/activities/christmas-kids-hymns.md,updated,4,8082,
site/content/activities/christmas-kids-memory-verse-songs.md,updated,5,7522,
site/content/activities/christmas-kids-praise-songs.md,updated,6,10050,
site/content/activities/christmas-kids-spiritual-songs.md,updated,4,8242,
site/content/activities/christmas-kids-worship-music.md,updated,6,10481,
site/content/activities/christmas-preschool-christian-songs.md,updated,6,11767,
site/content/activities/christmas-scripture-songs.md,updated,5,13215,
site/content/activities/christmas-songs-for-kids-app.md,updated,6,7885,
site/content/activities/christmas-songs-for-kids-cd.md,updated,5,10087,
site/content/activities/christmas-songs-for-kids-christian.md,updated,5,11922,
site/content/activities/christmas-songs-for-kids-church.md,updated,6,9948,
site/content/activities/christmas-songs-for-kids-deck-the-halls.md,updated,6,11525,
site/content/activities/christmas-songs-for-kids-for-babies.md,updated,5,11267,
site/content/activities/christmas-songs-for-kids-for-children.md,updated,6,10508,
site/content/activities/christmas-songs-for-kids-for-church.md,updated,6,9581,
site/content/activities/christmas-songs-for-kids-for-home.md,updated,6,12389,
site/content/activities/christmas-songs-for-kids-for-kids.md,updated,6,10502,
site/content/activities/christmas-songs-for-kids-for-preschoolers.md,updated,6,11984,
site/content/activities/christmas-songs-for-kids-for-sunday-school.md,updated,4,6164,
site/content/activities/christmas-songs-for-kids-for-toddlers.md,updated,4,6067,
site/content/activities/christmas-songs-for-kids-for-worship.md,updated,6,10355,
site/content/activities/christmas-songs-for-kids-in-english.md,updated,5,10979,
site/content/activities/christmas-songs-for-kids-interactive.md,updated,6,12699,
site/content/activities/christmas-songs-for-kids-jingle-bells.md,updated,3,3760,
site/content/activities/christmas-songs-for-kids-list.md,updated,3,5140,
site/content/activities/christmas-songs-for-kids-lyrics.md,updated,5,8735,
site/content/activities/christmas-songs-for-kids-mp3-download.md,updated,6,10322,
site/content/activities/christmas-songs-for-kids-playlist.md,updated,5,12294,
site/content/activities/christmas-songs-for-kids-to-perform.md,updated,6,9887,
site/content/activities/christmas-songs-for-kids-videos.md,updated,7,8620,
site/content/activities/christmas-songs-for-kids-with-actions.md,updated,5,9801,
site/content/activities/christmas-songs-for-kids-with-dance.md,updated,3,6525,
site/content/activities/christmas-songs-for-kids-with-lyrics-and-action-youtube.md,updated,5,13541,
site/content/activities/christmas-songs-for-kids-with-lyrics-and-action.md,updated,5,8619,
site/content/activities/christmas-songs-for-kids-with-lyrics-playlist.md,updated,5,9729,
site/content/activities/christmas-songs-for-kids-with-lyrics.md,updated,4,8471,
site/content/activities/christmas-songs-for-kids-with-motions.md,updated,6,10175,
site/content/activities/christmas-songs-for-kids-youtube.md,updated,5,10035,
site/content/activities/christmas-sunday-school-songs.md,updated,3,7080,
site/content/activities/christmas-sunday-school-worship-songs.md,updated,6,9471,
site/content/activities/christmas-toddler-worship-songs.md,updated,5,12903,
site/content/activities/christmas-vacation-bible-school-songs.md,updated,5,10148,
site/content/activities/christmas-vbs-theme-songs.md,updated,6,11302,
site/content/activities/christmas-worship-songs-for-toddlers.md,updated,5,13313,
site/content/activities/church-easter-songs-for-kids.md,updated,6,7198,
site/content/activities/contemporary-easter-songs-for-kids.md,updated,6,10525,
site/content/activities/easter-action-songs-for-kids.md,updated,5,10410,
site/content/activities/easter-bible-songs-for-kids.md,updated,6,11593,
site/content/activities/easter-bible-songs-for-preschoolers.md,updated,4,8932,
site/content/activities/easter-bible-story-songs.md,updated,6,10001,
site/content/activities/easter-children-s-choir-songs.md,updated,4,5636,
site/content/activities/easter-children-s-church-songs.md,updated,5,6291,
site/content/activities/easter-children-s-ministry-music.md,updated,5,11683,
site/content/activities/easter-christian-kids-playlist.md,updated,4,9988,
site/content/activities/easter-christian-lullabies-for-kids.md,updated,4,10689,
site/content/activities/easter-christian-songs-with-motions.md,updated,4,6698,
site/content/activities/easter-christmas-songs-for-kids.md,updated,5,12854,
site/content/activities/easter-easter-songs-for-kids.md,updated,6,10439,
site/content/activities/easter-kids-christian-music.md,updated,5,13314,
site/content/activities/easter-kids-church-music.md,updated,6,10619,
site/content/activities/easter-kids-devotional-songs.md,updated,6,10460,
site/content/activities/easter-kids-faith-songs.md,updated,5,13601,
site/content/activities/easter-kids-gospel-music.md,updated,5,7158,
site/content/activities/easter-kids-hymns.md,updated,6,10079,
site/content/activities/easter-kids-memory-verse-songs.md,updated,5,8344,
site/content/activities/easter-kids-praise-songs.md,updated,6,10642,
site/content/activities/easter-kids-spiritual-songs.md,updated,5,9583,
site/content/activities/easter-kids-worship-music.md,updated,6,10398,
site/content/activities/easter-preschool-christian-songs.md,updated,6,10888,
site/content/activities/easter-scripture-songs.md,updated,5,9701,
site/content/activities/easter-songs-for-kids-app.md,updated,6,10579,
site/content/activities/easter-songs-for-kids-bunny.md,updated,5,11554,
site/content/activities/easter-songs-for-kids-cd.md,updated,6,10338,
site/content/activities/easter-songs-for-kids-choir.md,updated,7,7736,
site/content/activities/easter-songs-for-kids-christian.md,updated,5,9062,
site/content/activities/easter-songs-for-kids-church-lyrics.md,updated,5,9819,
site/content/activities/easter-songs-for-kids-church.md,updated,5,8549,
site/content/activities/easter-songs-for-kids-download.md,updated,6,10623,
site/content/activities/easter-songs-for-kids-for-babies.md,updated,4,6289,
site/content/activities/easter-songs-for-kids-for-children.md,updated,6,12332,
site/content/activities/easter-songs-for-kids-for-church.md,updated,5,7074,
site/content/activities/easter-songs-for-kids-for-home.md,updated,6,9537,
site/content/activities/easter-songs-for-kids-for-kids.md,updated,5,9542,
site/content/activities/easter-songs-for-kids-for-preschoolers.md,updated,5,13421,
site/content/activities/easter-songs-for-kids-for-sunday-school.md,updated,6,10469,
site/content/activities/easter-songs-for-kids-for-toddlers.md,updated,5,6944,
site/content/activities/easter-songs-for-kids-for-worship.md,updated,6,10493,
site/content/activities/easter-songs-for-kids-interactive.md,updated,6,5943,
site/content/activities/easter-songs-for-kids-lyrics.md,updated,5,9355,
site/content/activities/easter-songs-for-kids-pdf.md,updated,6,10276,
site/content/activities/easter-songs-for-kids-piano.md,updated,6,8670,
site/content/activities/easter-songs-for-kids-playlist.md,updated,6,6354,
site/content/activities/easter-songs-for-kids-sunday-school.md,updated,6,10932,
site/content/activities/easter-songs-for-kids-to-sing-at-church.md,updated,6,7156,
site/content/activities/easter-songs-for-kids-video.md,updated,6,10712,
site/content/activities/easter-songs-for-kids-videos.md,updated,5,9256,
site/content/activities/easter-songs-for-kids-with-actions.md,updated,5,10481,
site/content/activities/easter-songs-for-kids-with-hand-motions-youtube.md,updated,4,7952,
site/content/activities/easter-songs-for-kids-with-hand-motions.md,updated,4,5719,
site/content/activities/easter-songs-for-kids-with-lyrics.md,updated,4,5072,
site/content/activities/easter-songs-for-kids-with-motions.md,updated,5,6514,
site/content/activities/easter-songs-for-kids-youtube.md,updated,6,10570,
site/content/activities/easter-songs-for-sunday-school.md,updated,5,10824,
site/content/activities/easter-sunday-school-songs.md,updated,6,9361,
site/content/activities/easter-sunday-school-worship-songs.md,updated,6,10192,
site/content/activities/easter-toddler-worship-songs.md,updated,6,10754,
site/content/activities/easter-vacation-bible-school-songs.md,updated,4,7826,
site/content/activities/easter-vbs-theme-songs.md,updated,4,6301,
site/content/activities/easter-worship-song-ideas.md,updated,5,12154,
site/content/activities/easter-worship-songs-for-toddlers.md,updated,5,13589,
site/content/activities/easy-christmas-songs-for-kids.md,updated,6,10119,
site/content/activities/easy-easter-songs-for-kids.md,updated,5,8407,
site/content/activities/easy-easter-worship-songs.md,updated,6,6288,
site/content/activities/easy-sunday-school-songs.md,updated,5,9447,
site/content/activities/easy-vacation-bible-school-songs.md,updated,6,10502,
site/content/activities/easy-vbs-theme-songs.md,updated,5,7541,
site/content/activities/fun-christmas-songs-for-kids.md,updated,5,6658,
site/content/activities/fun-easter-songs-for-kids.md,updated,6,10700,
site/content/activities/fun-sunday-school-songs.md,updated,6,8183,
site/content/activities/fun-vacation-bible-school-songs.md,updated,4,7229,
site/content/activities/fun-vbs-theme-songs.md,updated,3,8017,
site/content/activities/funny-vacation-bible-school-songs.md,updated,5,8886,
site/content/activities/kids-christian-music-for-sunday-school.md,updated,4,7127,
site/content/activities/kids-christmas-hymns.md,updated,5,10881,
site/content/activities/kids-church-music-for-sunday-school.md,updated,4,5500,
site/content/activities/kids-devotional-songs-for-sunday-school.md,updated,6,10715,
site/content/activities/kids-easter-hymns.md,updated,6,9716,
site/content/activities/kids-faith-songs-for-sunday-school.md,updated,6,9386,
site/content/activities/kids-gospel-music-for-sunday-school.md,updated,4,7123,
site/content/activities/kids-hymns-for-sunday-school.md,updated,5,8495,
site/content/activities/kids-memory-verse-songs-for-sunday-school.md,updated,6,10672,
site/content/activities/kids-spiritual-songs-for-sunday-school.md,updated,4,6034,
site/content/activities/list-of-sunday-school-songs-pdf.md,updated,4,7611,
site/content/activities/list-of-sunday-school-songs.md,updated,5,7553,
site/content/activities/old-sunday-school-songs-with-actions.md,updated,4,6762,
site/content/activities/old-vbs-songs-playlist.md,updated,4,5968,
site/content/activities/old-vbs-songs.md,updated,5,10320,
site/content/activities/peaceful-christmas-songs-for-kids.md,updated,4,6232,
site/content/activities/peaceful-easter-songs-for-kids.md,updated,6,10129,
site/content/activities/peaceful-sunday-school-songs.md,updated,5,7475,
site/content/activities/peaceful-vacation-bible-school-songs.md,updated,4,7121,
site/content/activities/peaceful-vbs-theme-songs.md,updated,4,7904,
site/content/activities/popular-christmas-songs-for-kids.md,updated,5,6983,
site/content/activities/popular-sunday-school-songs.md,updated,7,8197,
site/content/activities/popular-vbs-theme-songs.md,updated,5,8279,
site/content/activities/praise-christmas-songs-for-kids.md,updated,7,7014,
site/content/activities/praise-easter-songs-for-kids.md,updated,6,12675,
site/content/activities/preschool-christian-songs-for-sunday-school.md,updated,5,10218,
site/content/activities/simple-christmas-songs-for-kids.md,updated,5,7137,
site/content/activities/simple-easter-songs-for-kids.md,updated,6,10496,
site/content/activities/simple-easter-songs-for-sunday-school.md,updated,7,8424,
site/content/activities/simple-sunday-school-songs.md,updated,5,5582,
site/content/activities/simple-vacation-bible-school-songs.md,updated,6,10777,
site/content/activities/simple-vbs-theme-songs.md,updated,6,10900,
site/content/activities/sunday-school-bible-songs.md,updated,4,7050,
site/content/activities/sunday-school-christian-songs-telugu.md,updated,5,6715,
site/content/activities/sunday-school-songs-2022.md,updated,4,7309,
site/content/activities/sunday-school-songs-about-forgiveness.md,updated,6,10031,
site/content/activities/sunday-school-songs-about-prayer.md,updated,5,7908,
site/content/activities/sunday-school-songs-about-the-holy-spirit.md,updated,4,6465,
site/content/activities/sunday-school-songs-app.md,updated,6,8934,
site/content/activities/sunday-school-songs-cd.md,updated,6,7898,
site/content/activities/sunday-school-songs-chords-pdf.md,updated,4,5084,
site/content/activities/sunday-school-songs-chords.md,updated,6,8912,
site/content/activities/sunday-school-songs-for-adults.md,updated,5,9182,
site/content/activities/sunday-school-songs-for-babies.md,updated,6,8129,
site/content/activities/sunday-school-songs-for-children-lyrics.md,updated,6,10334,
site/content/activities/sunday-school-songs-for-children.md,updated,4,6658,
site/content/activities/sunday-school-songs-for-church.md,updated,5,8210,
site/content/activities/sunday-school-songs-for-home.md,updated,5,8507,
site/content/activities/sunday-school-songs-for-kids.md,updated,5,8096,
site/content/activities/sunday-school-songs-for-preschoolers.md,updated,3,8321,
site/content/activities/sunday-school-songs-for-sunday-school.md,updated,5,8435,
site/content/activities/sunday-school-songs-for-toddlers.md,updated,4,8012,
site/content/activities/sunday-school-songs-interactive.md,updated,3,6714,
site/content/activities/sunday-school-songs-lyrics-in-english.md,updated,6,7836,
site/content/activities/sunday-school-songs-lyrics.md,updated,3,4442,
site/content/activities/sunday-school-songs-mp3-download.md,updated,7,8709,
site/content/activities/sunday-school-songs-playlist.md,updated,5,6994,
site/content/activities/sunday-school-songs-videos.md,updated,5,9431,
site/content/activities/sunday-school-songs-with-actions.md,updated,5,6839,
site/content/activities/sunday-school-songs-with-chords.md,updated,4,6339,
site/content/activities/sunday-school-songs-with-lyrics.md,updated,5,10152,
site/content/activities/sunday-school-songs-with-motions.md,updated,5,8886,
site/content/activities/sunday-school-songs-youtube.md,updated,6,7532,
site/content/activities/super-simple-songs-christmas-songs-for-kids-songs.md,updated,6,10226,
site/content/activities/traditional-easter-songs-for-kids.md,updated,6,7293,
site/content/activities/traditional-easter-songs-for-schools.md,updated,6,9680,
site/content/activities/vacation-bible-school-songs-1980s.md,updated,6,10035,
site/content/activities/vacation-bible-school-songs-1990s-playlist.md,updated,6,10018,
site/content/activities/vacation-bible-school-songs-1990s.md,updated,3,6602,
site/content/activities/vacation-bible-school-songs-2000s.md,updated,4,8497,
site/content/activities/vacation-bible-school-songs-2008.md,updated,4,9552,
site/content/activities/vacation-bible-school-songs-2012.md,updated,4,7139,
site/content/activities/vacation-bible-school-songs-2022.md,updated,5,6938,
site/content/activities/vacation-bible-school-songs-2024.md,updated,4,7396,
site/content/activities/vacation-bible-school-songs-2025-lyrics.md,updated,4,6494,
site/content/activities/vacation-bible-school-songs-2025.md,updated,4,6936,
site/content/activities/vacation-bible-school-songs-app.md,updated,4,5682,
site/content/activities/vacation-bible-school-songs-cd.md,updated,4,8797,
site/content/activities/vacation-bible-school-songs-church-of-christ.md,updated,4,6524,
site/content/activities/vacation-bible-school-songs-for-babies.md,updated,3,8255,
site/content/activities/vacation-bible-school-songs-for-children.md,updated,4,7363,
site/content/activities/vacation-bible-school-songs-for-church.md,updated,4,5561,
site/content/activities/vacation-bible-school-songs-for-home.md,updated,6,11562,
site/content/activities/vacation-bible-school-songs-for-kids.md,updated,5,7745,
site/content/activities/vacation-bible-school-songs-for-preschoolers.md,updated,5,10751,
site/content/activities/vacation-bible-school-songs-for-sunday-school.md,updated,4,5321,
site/content/activities/vacation-bible-school-songs-for-toddlers.md,updated,6,10406,
site/content/activities/vacation-bible-school-songs-interactive.md,updated,4,6789,
site/content/activities/vacation-bible-school-songs-lyrics-pdf.md,updated,6,10995,
site/content/activities/vacation-bible-school-songs-lyrics.md,updated,5,11171,
site/content/activities/vacation-bible-school-songs-magnify.md,updated,4,7323,
site/content/activities/vacation-bible-school-songs-playlist.md,updated,4,7245,
site/content/activities/vacation-bible-school-songs-scuba.md,updated,5,11285,
site/content/activities/vacation-bible-school-songs-videos.md,updated,4,4434,
site/content/activities/vacation-bible-school-songs-with-actions.md,updated,4,4259,
site/content/activities/vacation-bible-school-songs-with-lyrics.md,updated,6,11032,
site/content/activities/vacation-bible-school-songs-with-motions.md,updated,4,6165,
site/content/activities/vacation-bible-school-songs-youtube.md,updated,4,7040,
site/content/activities/vacation-bible-school-theme-songs.md,updated,4,8201,
site/content/activities/vbs-camping-theme-songs.md,updated,4,8242,
site/content/activities/vbs-jungle-theme-songs.md,updated,6,10289,
site/content/activities/vbs-music-theme.md,updated,4,4806,
site/content/activities/vbs-ocean-theme-songs.md,updated,3,5067,
site/content/activities/vbs-scuba-theme-songs.md,updated,4,6666,
site/content/activities/vbs-songs-2025.md,updated,4,5632,
site/content/activities/vbs-space-theme-songs.md,updated,5,8643,
site/content/activities/vbs-theme-song-2024-lyrics.md,updated,3,6323,
site/content/activities/vbs-theme-song-2025.md,updated,5,7640,
site/content/activities/vbs-theme-song-breaker-rock-beach.md,updated,4,5786,
site/content/activities/vbs-theme-song-lyrics.md,updated,4,6188,
site/content/activities/vbs-theme-song-magnified.md,updated,4,6510,
site/content/activities/vbs-theme-song-to-wonder-junction.md,updated,5,8169,
site/content/activities/vbs-theme-songs-2021.md,updated,3,6937,
site/content/activities/vbs-theme-songs-2023.md,updated,3,6225,
site/content/activities/vbs-theme-songs-2024.md,updated,2,5138,
site/content/activities/vbs-theme-songs-app.md,updated,4,8418,
site/content/activities/vbs-theme-songs-cd.md,updated,3,6513,
site/content/activities/vbs-theme-songs-for-babies.md,updated,3,6572,
site/content/activities/vbs-theme-songs-for-children.md,updated,4,6830,
site/content/activities/vbs-theme-songs-for-church.md,updated,3,5026,
site/content/activities/vbs-theme-songs-for-home.md,updated,4,8666,
site/content/activities/vbs-theme-songs-for-kids.md,updated,3,4774,
site/content/activities/vbs-theme-songs-for-preschoolers.md,updated,4,9056,
site/content/activities/vbs-theme-songs-for-sunday-school.md,updated,3,4232,
site/content/activities/vbs-theme-songs-for-toddlers.md,updated,2,3986,
site/content/activities/vbs-theme-songs-interactive.md,updated,2,4756,
site/content/activities/vbs-theme-songs-lyrics.md,updated,2,3880,
site/content/activities/vbs-theme-songs-playlist.md,updated,2,4015,
site/content/activities/vbs-theme-songs-videos.md,updated,2,4714,
site/content/activities/vbs-theme-songs-with-actions.md,updated,2,4787,
site/content/activities/vbs-theme-songs-with-lyrics.md,updated,2,4548,
site/content/activities/vbs-theme-songs-with-motions.md,updated,2,5045,
site/content/activities/vbs-theme-songs-youtube.md,updated,2,4049,
site/content/activities/what-are-the-christmas-classics-for-kids.md,updated,3,4774,
site/content/activities/what-is-the-most-popular-christmas-song-for-kids.md,updated,2,4397,
site/content/activities/worship-christmas-songs-for-kids.md,updated,2,4486,
site/content/activities/worship-easter-songs-for-kids.md,updated,2,4331,
site/content/activities/worship-songs-for-resurrection-sunday.md,updated,3,3966,
site/content/contact.md,updated,1,1,
site/content/songs/50-action-songs-for-kids.md,updated,3,7238,
site/content/songs/action-songs-for-grade-1.md,updated,2,4914,
site/content/songs/action-songs-for-kids-aparat.md,updated,2,4676,
site/content/songs/action-songs-for-kids-app.md,updated,2,3725,
site/content/songs/action-songs-for-kids-cd.md,updated,2,4511,
site/content/songs/action-songs-for-kids-christian.md,updated,2,4347,
site/content/songs/action-songs-for-kids-english.md,updated,2,4297,
site/content/songs/action-songs-for-kids-for-babies.md,updated,2,3819,
site/content/songs/action-songs-for-kids-for-children.md,updated,2,3862,
site/content/songs/action-songs-for-kids-for-church.md,updated,2,5135,
site/content/songs/action-songs-for-kids-for-home.md,updated,2,3962,
site/content/songs/action-songs-for-kids-for-kids.md,updated,2,3460,
site/content/songs/action-songs-for-kids-for-preschoolers.md,updated,2,5532,
site/content/songs/action-songs-for-kids-for-toddlers.md,updated,2,4273,
site/content/songs/action-songs-for-kids-for-worship.md,updated,2,4624,
site/content/songs/action-songs-for-kids-in-hindi.md,updated,2,4372,
site/content/songs/action-songs-for-kids-in-kannada.md,updated,2,4154,
site/content/songs/action-songs-for-kids-interactive.md,updated,2,4403,
site/content/songs/action-songs-for-kids-lyrics.md,updated,2,4577,
site/content/songs/action-songs-for-kids-malayalam.md,updated,2,4384,
site/content/songs/action-songs-for-kids-pdf.md,updated,2,5021,
site/content/songs/action-songs-for-kids-playlist.md,updated,2,4005,
site/content/songs/action-songs-for-kids-super-simple.md,updated,2,4459,
site/content/songs/action-songs-for-kids-tagalog.md,updated,3,4537,
site/content/songs/action-songs-for-kids-the-singing-walrus-download.md,updated,2,4069,
site/content/songs/action-songs-for-kids-to-dance.md,updated,2,3802,
site/content/songs/action-songs-for-kids-videos.md,updated,2,4513,
site/content/songs/action-songs-for-kids-with-actions.md,updated,2,4402,
site/content/songs/action-songs-for-kids-with-lyrics.md,updated,2,3776,
site/content/songs/action-songs-for-kids-with-motions.md,updated,2,4310,
site/content/songs/action-songs-for-kids-youtube.md,updated,2,4202,
site/content/songs/action-songs-for-nursery-school.md,updated,2,4179,
site/content/songs/action-songs-for-primary-school.md,updated,2,4338,
site/content/songs/adventist-kids-hymns.md,updated,2,4921,
site/content/songs/b-i-b-l-e-song-lyrics.md,updated,2,5124,
site/content/songs/best-action-songs-for-kids.md,updated,2,4534,
site/content/songs/best-bible-songs-for-preschoolers.md,updated,2,4297,
site/content/songs/best-children-s-ministry-music.md,updated,2,4281,
site/content/songs/best-christian-kids-playlist.md,updated,2,5225,
site/content/songs/best-christian-lullabies-for-kids.md,updated,2,4874,
site/content/songs/best-christian-lullabies.md,updated,2,4042,
site/content/songs/best-kids-devotional-songs.md,updated,2,5268,
site/content/songs/best-kids-worship-songs.md,updated,2,5019,
site/content/songs/best-preschool-christian-songs.md,updated,2,3746,
site/content/songs/best-sunday-school-worship-songs.md,updated,2,4072,
site/content/songs/bible-memory-verse-songs-for-kids.md,updated,2,4733,
site/content/songs/bible-nursery-rhymes-lyrics.md,updated,3,4929,
site/content/songs/bible-songs-for-babies-youtube.md,updated,2,4571,
site/content/songs/bible-songs-for-children-s-church.md,updated,2,4615,
site/content/songs/bible-songs-for-kids-app.md,updated,3,3924,
site/content/songs/bible-songs-for-kids-cd.md,updated,2,4155,
site/content/songs/bible-songs-for-kids-download.md,updated,2,4080,
site/content/songs/bible-songs-for-kids-for-babies.md,updated,2,4397,
site/content/songs/bible-songs-for-kids-for-children.md,updated,2,4345,
site/content/songs/bible-songs-for-kids-for-church.md,updated,2,4010,
site/content/songs/bible-songs-for-kids-for-home.md,updated,2,4379,
site/content/songs/bible-songs-for-kids-for-kids.md,updated,2,5731,
site/content/songs/bible-songs-for-kids-for-preschoolers.md,updated,2,3853,
site/content/songs/bible-songs-for-kids-for-toddlers.md,updated,2,3462,
site/content/songs/bible-songs-for-kids-for-worship.md,updated,2,4182,
site/content/songs/bible-songs-for-kids-interactive.md,updated,2,5219,
site/content/songs/bible-songs-for-kids-jesus-loves-me.md,updated,2,4058,
site/content/songs/bible-songs-for-kids-list.md,updated,2,3868,
site/content/songs/bible-songs-for-kids-lyrics-in-english.md,updated,2,4598,
site/content/songs/bible-songs-for-kids-lyrics.md,updated,2,4653,
site/content/songs/bible-songs-for-kids-pdf.md,updated,2,3672,
site/content/songs/bible-songs-for-kids-playlist.md,updated,2,4436,
site/content/songs/bible-songs-for-kids-videos.md,updated,2,4304,
site/content/songs/bible-songs-for-kids-with-actions.md,updated,2,4505,
site/content/songs/bible-songs-for-kids-with-lyrics.md,updated,2,3711,
site/content/songs/bible-songs-for-kids-with-motions.md,updated,2,4129,
site/content/songs/bible-songs-for-kids-youtube-playlist.md,updated,2,3654,
site/content/songs/bible-songs-for-kids-youtube.md,updated,2,4060,
site/content/songs/bible-songs-for-kids.md,updated,2,4157,
site/content/songs/bible-songs-for-preschoolers-app.md,updated,2,4182,
site/content/songs/bible-songs-for-preschoolers-cd.md,updated,2,3515,
site/content/songs/bible-songs-for-preschoolers-for-babies.md,updated,2,4255,
site/content/songs/bible-songs-for-preschoolers-for-children.md,updated,2,4300,
site/content/songs/bible-songs-for-preschoolers-for-church.md,updated,2,4238,
site/content/songs/bible-songs-for-preschoolers-for-home.md,updated,2,4351,
site/content/songs/bible-songs-for-preschoolers-for-kids.md,updated,2,3914,
site/content/songs/bible-songs-for-preschoolers-for-preschoolers.md,updated,2,4587,
site/content/songs/bible-songs-for-preschoolers-for-toddlers.md,updated,2,4567,
site/content/songs/bible-songs-for-preschoolers-for-worship.md,updated,2,4662,
site/content/songs/bible-songs-for-preschoolers-interactive.md,updated,2,3966,
site/content/songs/bible-songs-for-preschoolers-playlist.md,updated,2,4209,
site/content/songs/bible-songs-for-preschoolers-videos.md,updated,2,4586,
site/content/songs/bible-songs-for-preschoolers-with-actions.md,updated,2,4452,
site/content/songs/bible-songs-for-preschoolers-with-lyrics.md,updated,2,4274,
site/content/songs/bible-songs-for-preschoolers-with-motions.md,updated,2,4326,
site/content/songs/bible-songs-for-preschoolers-youtube.md,updated,2,4128,
site/content/songs/bible-stories-and-songs-for-toddlers.md,updated,2,3692,
site/content/songs/bible-stories-and-songs-player.md,updated,2,4558,
site/content/songs/bible-stories-and-songs-take-along-storyteller.md,updated,2,4855,
site/content/songs/bible-stories-and-songs-take-along.md,updated,2,5213,
site/content/songs/bible-story-music.md,updated,2,4782,
site/content/songs/bible-story-songs-app.md,updated,2,3622,
site/content/songs/bible-story-songs-cd.md,updated,2,4035,
site/content/songs/bible-story-songs-daniel.md,updated,2,4580,
site/content/songs/bible-story-songs-david.md,updated,2,4505,
site/content/songs/bible-story-songs-for-babies.md,updated,2,4053,
site/content/songs/bible-story-songs-for-children.md,updated,3,4068,
site/content/songs/bible-story-songs-for-church.md,updated,2,3554,
site/content/songs/bible-story-songs-for-home.md,updated,2,4336,
site/content/songs/bible-story-songs-for-kids.md,updated,2,4333,
site/content/songs/bible-story-songs-for-preschoolers.md,updated,2,4935,
site/content/songs/bible-story-songs-for-toddlers.md,updated,2,4097,
site/content/songs/bible-story-songs-for-worship.md,updated,2,4309,
site/content/songs/bible-story-songs-interactive.md,updated,2,4471,
site/content/songs/bible-story-songs-lyrics.md,updated,2,3770,
site/content/songs/bible-story-songs-playlist.md,updated,2,4555,
site/content/songs/bible-story-songs-radio.md,updated,3,4239,
site/content/songs/bible-story-songs-videos.md,updated,2,4573,
site/content/songs/bible-story-songs-with-actions.md,updated,2,4345,
site/content/songs/bible-story-songs-with-lyrics.md,updated,2,4750,
site/content/songs/bible-story-songs-with-motions.md,updated,2,4571,
site/content/songs/bible-story-songs-youtube.md,updated,2,3697,
site/content/songs/bible-verse-songs-for-preschoolers.md,updated,2,4413,
site/content/songs/bible-verse-songs.md,updated,2,5053,
site/content/songs/bible-verses-set-to-music.md,updated,3,4434,
site/content/songs/cedarmont-kids-hymns-songs.md,updated,2,5439,
site/content/songs/cedarmont-kids-hymns.md,updated,2,4580,
site/content/songs/child-choir-songs.md,updated,2,4002,
site/content/songs/children-choir-songs-pdf.md,updated,2,4170,
site/content/songs/children-christian-songs-download.md,updated,2,4135,
site/content/songs/children-christian-songs-lyrics.md,updated,2,4518,
site/content/songs/children-christian-songs-mp3-download.md,updated,2,4285,
site/content/songs/children-christian-songs-playlist.md,updated,2,3707,
site/content/songs/children-christian-songs.md,updated,2,4151,
site/content/songs/children-devotional-songs.md,updated,2,4736,
site/content/songs/children-gospel-music-youtube.md,updated,2,4126,
site/content/songs/children-gospel-songs-mp3-download.md,updated,2,4328,
site/content/songs/children-s-choir-songs-app.md,updated,2,4046,
site/content/songs/children-s-choir-songs-cd.md,updated,2,4321,
site/content/songs/children-s-choir-songs-for-babies.md,updated,2,4159,
site/content/songs/children-s-choir-songs-for-children.md,updated,2,3784,
site/content/songs/children-s-choir-songs-for-church-in-nigeria.md,updated,2,4308,
site/content/songs/children-s-choir-songs-for-church-youtube.md,updated,2,3986,
site/content/songs/children-s-choir-songs-for-church.md,updated,2,3594,
site/content/songs/children-s-choir-songs-for-home.md,updated,2,4848,
site/content/songs/children-s-choir-songs-for-kids.md,updated,2,4023,
site/content/songs/children-s-choir-songs-for-preschoolers.md,updated,2,5508,
site/content/songs/children-s-choir-songs-for-toddlers.md,updated,2,4820,
site/content/songs/children-s-choir-songs-for-worship.md,updated,2,4372,
site/content/songs/children-s-choir-songs-gospel.md,updated,2,4877,
site/content/songs/children-s-choir-songs-interactive.md,updated,2,4293,
site/content/songs/children-s-choir-songs-lyrics.md,updated,2,3887,
site/content/songs/children-s-choir-songs-playlist.md,updated,2,4237,
site/content/songs/children-s-choir-songs-videos.md,updated,2,3556,
site/content/songs/children-s-choir-songs-with-actions.md,updated,2,4343,
site/content/songs/children-s-choir-songs-with-lyrics.md,updated,2,4399,
site/content/songs/children-s-choir-songs-with-motions.md,updated,2,3777,
site/content/songs/children-s-choir-songs-youtube.md,updated,2,4007,
site/content/songs/children-s-choral-songs.md,updated,2,4631,
site/content/songs/children-s-christian-songs-with-sign-language.md,updated,2,4589,
site/content/songs/children-s-church-music-curriculum.md,updated,2,4206,
site/content/songs/children-s-church-music-videos.md,updated,2,3746,
site/content/songs/children-s-church-music-with-motions.md,updated,2,4027,
site/content/songs/children-s-church-music.md,updated,2,3682,
site/content/songs/children-s-church-songs-about-love.md,updated,2,4385,
site/content/songs/children-s-church-songs-app.md,updated,2,4021,
site/content/songs/children-s-church-songs-cd.md,updated,2,4727,
site/content/songs/children-s-church-songs-for-babies.md,updated,2,3864,
site/content/songs/children-s-church-songs-for-children.md,updated,2,4450,
site/content/songs/children-s-church-songs-for-church.md,updated,2,5469,
site/content/songs/children-s-church-songs-for-father-s-day.md,updated,2,5975,
site/content/songs/children-s-church-songs-for-home.md,updated,2,4777,
site/content/songs/children-s-church-songs-for-kids.md,updated,2,3902,
site/content/songs/children-s-church-songs-for-mother-s-day.md,updated,2,3868,
site/content/songs/children-s-church-songs-for-preschoolers.md,updated,2,3781,
site/content/songs/children-s-church-songs-for-thanksgiving.md,updated,3,3890,
site/content/songs/children-s-church-songs-for-toddlers.md,updated,2,2890,
site/content/songs/children-s-church-songs-for-worship.md,updated,2,4188,
site/content/songs/children-s-church-songs-interactive.md,updated,3,4296,
site/content/songs/children-s-church-songs-list.md,updated,2,4566,
site/content/songs/children-s-church-songs-lyrics.md,updated,2,4547,
site/content/songs/children-s-church-songs-playlist.md,updated,2,3875,
site/content/songs/children-s-church-songs-that-have-to-do-with-water.md,updated,2,4284,
site/content/songs/children-s-church-songs-this-little-light-of-mine.md,updated,2,4757,
site/content/songs/children-s-church-songs-videos.md,updated,2,4060,
site/content/songs/children-s-church-songs-with-actions.md,updated,2,4976,
site/content/songs/children-s-church-songs-with-lyrics-and-actions.md,updated,2,4873,
site/content/songs/children-s-church-songs-with-lyrics.md,updated,2,3809,
site/content/songs/children-s-church-songs-with-motions-youtube.md,updated,3,4641,
site/content/songs/children-s-church-songs-with-motions.md,updated,2,4349,
site/content/songs/children-s-church-songs-youtube.md,updated,2,4349,
site/content/songs/children-s-devotional-songs-kannada-lyrics.md,updated,2,3594,
site/content/songs/children-s-devotional-songs-telugu-lyrics.md,updated,2,3975,
site/content/songs/children-s-faith-songs.md,updated,2,3667,
site/content/songs/children-s-gospel-music-videos.md,updated,2,2269,
site/content/songs/children-s-ministry-description.md,updated,2,3478,
site/content/songs/children-s-ministry-job-description.md,updated,2,3716,
site/content/songs/children-s-ministry-music-app.md,updated,2,3313,
site/content/songs/children-s-ministry-music-cd.md,updated,2,4138,
site/content/songs/children-s-ministry-music-for-babies.md,updated,2,4198,
site/content/songs/children-s-ministry-music-for-children.md,updated,2,4794,
site/content/songs/children-s-ministry-music-for-church.md,updated,3,3762,
site/content/songs/children-s-ministry-music-for-home.md,updated,2,4783,
site/content/songs/children-s-ministry-music-for-kids.md,updated,2,3841,
site/content/songs/children-s-ministry-music-for-preschoolers.md,updated,2,4715,
site/content/songs/children-s-ministry-music-for-toddlers.md,updated,2,4392,
site/content/songs/children-s-ministry-music-for-worship.md,updated,2,4040,
site/content/songs/children-s-ministry-music-interactive.md,updated,2,4877,
site/content/songs/children-s-ministry-music-playlist.md,updated,2,4363,
site/content/songs/children-s-ministry-music-videos.md,updated,2,3680,
site/content/songs/children-s-ministry-music-with-actions.md,updated,2,5023,
site/content/songs/children-s-ministry-music-with-lyrics.md,updated,2,4212,
site/content/songs/children-s-ministry-music-with-motions.md,updated,2,5160,
site/content/songs/children-s-ministry-music-youtube.md,updated,2,4254,
site/content/songs/children-s-ministry-worship-songs.md,updated,2,4092,
site/content/songs/children-s-praise-and-worship-songs-free-download.md,updated,2,4340,
site/content/songs/children-s-praise-and-worship-songs-free.md,updated,2,4866,
site/content/songs/children-s-songs-about-faith-in-god.md,updated,2,4366,
site/content/songs/children-s-worship-music.md,updated,2,4211,
site/content/songs/children-s-worship-songs-about-forgiveness.md,updated,2,3784,
site/content/songs/children-s-worship-songs-lyrics.md,updated,2,4860,
site/content/songs/children-s-worship-songs-playlist.md,updated,2,4235,
site/content/songs/children-s-worship-songs-with-actions.md,updated,2,4100,
site/content/songs/children-s-worship-songs-with-motions-youtube.md,updated,2,4525,
site/content/songs/children-singing-songs-youtube.md,updated,2,4306,
site/content/songs/children-singing-songs.md,updated,2,4317,
site/content/songs/christian-action-songs-for-adults.md,updated,2,3763,
site/content/songs/christian-bible-songs-for-preschoolers.md,updated,2,4386,
site/content/songs/christian-camp-songs-with-motions.md,updated,2,4251,
site/content/songs/christian-kids-playlist-app.md,updated,2,3499,
site/content/songs/christian-kids-playlist-cd.md,updated,2,4381,
site/content/songs/christian-kids-playlist-for-babies.md,updated,2,3886,
site/content/songs/christian-kids-playlist-for-children.md,updated,2,3974,
site/content/songs/christian-kids-playlist-for-church.md,updated,2,4435,
site/content/songs/christian-kids-playlist-for-home.md,updated,2,3857,
site/content/songs/christian-kids-playlist-for-kids.md,updated,2,4032,
site/content/songs/christian-kids-playlist-for-preschoolers.md,updated,2,4141,
site/content/songs/christian-kids-playlist-for-toddlers.md,updated,2,3670,
site/content/songs/christian-kids-playlist-for-worship.md,updated,2,4045,
site/content/songs/christian-kids-playlist-interactive.md,updated,2,4307,
site/content/songs/christian-kids-playlist-playlist.md,updated,2,4352,
site/content/songs/christian-kids-playlist-videos.md,updated,2,3814,
site/content/songs/christian-kids-playlist-with-actions.md,updated,2,4639,
site/content/songs/christian-kids-playlist-with-lyrics.md,updated,2,4779,
site/content/songs/christian-kids-playlist-with-motions.md,updated,2,4325,
site/content/songs/christian-kids-playlist-youtube.md,updated,2,3381,
site/content/songs/christian-kids-songs-2000s.md,updated,2,4923,
site/content/songs/christian-kids-songs-about-light.md,updated,2,4472,
site/content/songs/christian-kids-songs-about-love.md,updated,2,4882,
site/content/songs/christian-kids-songs-chords.md,updated,2,4775,
site/content/songs/christian-kids-songs-download.md,updated,2,4425,
site/content/songs/christian-kids-songs-in-spanish.md,updated,2,3733,
site/content/songs/christian-kids-songs-list.md,updated,2,4060,
site/content/songs/christian-kids-songs-lyrics.md,updated,2,4054,
site/content/songs/christian-kids-songs-malayalam.md,updated,2,3181,
site/content/songs/christian-kids-songs-tamil.md,updated,2,3485,
site/content/songs/christian-kids-songs-with-actions.md,updated,2,5010,
site/content/songs/christian-kids-songs-with-motions.md,updated,2,4300,
site/content/songs/christian-kids-songs-youtube.md,updated,2,4150,
site/content/songs/christian-kids-songs.md,updated,2,5254,
site/content/songs/christian-lullabies-for-adults.md,updated,2,4541,
site/content/songs/christian-lullabies-for-babies-lyrics.md,updated,2,4157,
site/content/songs/christian-lullabies-for-babies-to-sleep.md,updated,2,5108,
site/content/songs/christian-lullabies-for-babies-with-words.md,updated,2,4362,
site/content/songs/christian-lullabies-for-babies-youtube.md,updated,2,4239,
site/content/songs/christian-lullabies-for-babies.md,updated,2,4331,
site/content/songs/christian-lullabies-for-kids-app.md,updated,2,4315,
site/content/songs/christian-lullabies-for-kids-cd.md,updated,2,4609,
site/content/songs/christian-lullabies-for-kids-for-babies.md,updated,2,4276,
site/content/songs/christian-lullabies-for-kids-for-children.md,updated,2,4415,
site/content/songs/christian-lullabies-for-kids-for-church.md,updated,2,4973,
site/content/songs/christian-lullabies-for-kids-for-home.md,updated,2,4247,
site/content/songs/christian-lullabies-for-kids-for-kids.md,updated,2,4846,
site/content/songs/christian-lullabies-for-kids-for-preschoolers.md,updated,2,3955,
site/content/songs/christian-lullabies-for-kids-for-toddlers.md,updated,2,4818,
site/content/songs/christian-lullabies-for-kids-for-worship.md,updated,2,4229,
site/content/songs/christian-lullabies-for-kids-interactive.md,updated,2,4619,
site/content/songs/christian-lullabies-for-kids-lyrics.md,updated,2,4201,
site/content/songs/christian-lullabies-for-kids-playlist.md,updated,2,4269,
site/content/songs/christian-lullabies-for-kids-videos.md,updated,2,4017,
site/content/songs/christian-lullabies-for-kids-with-actions.md,updated,2,4471,
site/content/songs/christian-lullabies-for-kids-with-lyrics.md,updated,2,4364,
site/content/songs/christian-lullabies-for-kids-with-motions.md,updated,3,4963,
site/content/songs/christian-lullabies-for-kids-youtube.md,updated,2,4235,
site/content/songs/christian-lullabies-for-toddlers.md,updated,2,3558,
site/content/songs/christian-lullabies-lyrics.md,updated,2,4852,
site/content/songs/christian-lullaby-lyrics-for-kids.md,updated,2,4401,
site/content/songs/christian-lullaby-piano.md,updated,2,4932,
site/content/songs/christian-lullaby-songs-for-kids.md,updated,3,3743,
site/content/songs/christian-nursery-rhymes.md,updated,2,4159,
site/content/songs/christian-preschool-songs-lyrics.md,updated,2,4761,
site/content/songs/christian-preschool-songs-with-actions.md,updated,2,4382,
site/content/songs/christian-songs-for-12-year-olds.md,updated,2,4441,
site/content/songs/christian-songs-for-3-year-olds.md,updated,2,5116,
site/content/songs/christian-songs-for-children-to-sing.md,updated,2,4952,
site/content/songs/christian-songs-for-kids-mp3-download.md,updated,2,5118,
site/content/songs/christian-songs-for-kids-with-lyrics-and-action.md,updated,2,4791,
site/content/songs/christian-songs-for-preschoolers-with-actions.md,updated,2,4235,
site/content/songs/christian-songs-for-preschoolers-with-hand-motions.md,updated,2,4465,
site/content/songs/christian-songs-for-preschoolers.md,updated,2,4541,
site/content/songs/christian-songs-for-toddlers-lyrics.md,updated,2,4703,
site/content/songs/christian-songs-for-toddlers-to-sing.md,updated,2,4238,
site/content/songs/christian-songs-for-toddlers-with-action.md,updated,2,3865,
site/content/songs/christian-songs-for-toddlers-youtube.md,updated,2,4472,
site/content/songs/christian-songs-to-teach-toddlers.md,updated,2,3264,
site/content/songs/christian-songs-with-actions-for-kids.md,updated,2,3691,
site/content/songs/christian-songs-with-actions-for-preschoolers.md,updated,2,4906,
site/content/songs/christian-songs-with-actions.md,updated,2,4104,
site/content/songs/christian-songs-with-hand-motions.md,updated,3,4998,
site/content/songs/christian-songs-with-motions-app.md,updated,2,4739,
site/content/songs/christian-songs-with-motions-cd.md,updated,2,3833,
site/content/songs/christian-songs-with-motions-for-babies.md,updated,2,3759,
site/content/songs/christian-songs-with-motions-for-children.md,updated,2,4743,
site/content/songs/christian-songs-with-motions-for-church.md,updated,2,4225,
site/content/songs/christian-songs-with-motions-for-home.md,updated,2,4249,
site/content/songs/christian-songs-with-motions-for-kids.md,updated,2,4377,
site/content/songs/christian-songs-with-motions-for-preschoolers.md,updated,2,5269,
site/content/songs/christian-songs-with-motions-for-toddlers.md,updated,2,2568,
site/content/songs/christian-songs-with-motions-for-worship.md,updated,2,4952,
site/content/songs/christian-songs-with-motions-interactive.md,updated,2,4419,
site/content/songs/christian-songs-with-motions-lyrics.md,updated,2,4117,
site/content/songs/christian-songs-with-motions-playlist.md,updated,2,4668,
site/content/songs/christian-songs-with-motions-videos.md,updated,2,3792,
site/content/songs/christian-songs-with-motions-with-actions.md,updated,2,4703,
site/content/songs/christian-songs-with-motions-with-lyrics.md,updated,2,4821,
site/content/songs/christian-songs-with-motions-with-motions.md,updated,2,4562,
site/content/songs/christian-songs-with-motions-youtube.md,updated,2,4339,
site/content/songs/christian-toddler-songs-with-motions.md,updated,2,4114,
site/content/songs/contemporary-christian-songs-with-motions.md,updated,2,4273,
site/content/songs/creation-bible-songs-for-preschoolers.md,updated,2,4583,
site/content/songs/easy-action-songs-for-kids.md,updated,3,4300,
site/content/songs/easy-bible-songs-for-kids.md,updated,2,4618,
site/content/songs/easy-bible-songs-for-preschoolers.md,updated,2,4308,
site/content/songs/easy-bible-story-songs.md,updated,2,4108,
site/content/songs/easy-children-s-choir-songs.md,updated,2,3674,
site/content/songs/easy-children-s-church-songs.md,updated,2,4737,
site/content/songs/easy-children-s-ministry-music.md,updated,2,4438,
site/content/songs/easy-christian-kids-playlist.md,updated,2,3464,
site/content/songs/easy-christian-lullabies-for-kids.md,updated,2,5005,
site/content/songs/easy-christian-songs-with-motions.md,updated,2,4704,
site/content/songs/easy-hymns-for-kids.md,updated,2,4746,
site/content/songs/easy-kids-christian-music.md,updated,2,4396,
site/content/songs/easy-kids-church-music.md,updated,2,4422,
site/content/songs/easy-kids-devotional-songs.md,updated,2,3899,
site/content/songs/easy-kids-faith-songs.md,updated,2,3497,
site/content/songs/easy-kids-gospel-music.md,updated,2,3772,
site/content/songs/easy-kids-hymns.md,updated,2,4500,
site/content/songs/easy-kids-memory-verse-songs.md,updated,2,3846,
site/content/songs/easy-kids-praise-songs.md,updated,2,4266,
site/content/songs/easy-kids-spiritual-songs.md,updated,2,3906,
site/content/songs/easy-kids-worship-music.md,updated,2,4498,
site/content/songs/easy-preschool-christian-songs.md,updated,2,5033,
site/content/songs/easy-scripture-songs.md,updated,2,4475,
site/content/songs/easy-sunday-school-worship-songs.md,updated,2,4338,
site/content/songs/easy-toddler-worship-songs.md,updated,2,4329,
site/content/songs/easy-worship-songs-for-toddlers.md,updated,2,4710,
site/content/songs/faith-child-songs.md,updated,2,4179,
site/content/songs/free-bible-songs-for-kids.md,updated,2,4917,
site/content/songs/free-bible-songs-for-preschoolers.md,updated,2,4183,
site/content/songs/free-kids-devotional-songs.md,updated,2,3790,
site/content/songs/fun-action-songs-for-kids.md,updated,2,5233,
site/content/songs/fun-bible-songs-for-kids.md,updated,2,5023,
site/content/songs/fun-bible-songs-for-preschoolers.md,updated,2,4588,
site/content/songs/fun-bible-story-songs.md,updated,3,3489,
site/content/songs/fun-children-s-choir-songs.md,updated,2,3659,
site/content/songs/fun-children-s-church-songs.md,updated,2,4409,
site/content/songs/fun-children-s-ministry-music.md,updated,2,4568,
site/content/songs/fun-christian-kids-playlist.md,updated,2,4653,
site/content/songs/fun-christian-lullabies-for-kids.md,updated,2,4084,
site/content/songs/fun-christian-songs-with-motions.md,updated,2,4229,
site/content/songs/fun-kids-christian-music.md,updated,2,4954,
site/content/songs/fun-kids-church-music.md,updated,2,3741,
site/content/songs/fun-kids-devotional-songs.md,updated,3,4146,
site/content/songs/fun-kids-faith-songs.md,updated,2,4632,
site/content/songs/fun-kids-gospel-music.md,updated,2,4056,
site/content/songs/fun-kids-hymns.md,updated,2,4396,
site/content/songs/fun-kids-memory-verse-songs.md,updated,2,5344,
site/content/songs/fun-kids-praise-songs.md,updated,2,4981,
site/content/songs/fun-kids-spiritual-songs.md,updated,2,4292,
site/content/songs/fun-kids-worship-music.md,updated,2,3779,
site/content/songs/fun-preschool-christian-songs.md,updated,2,4379,
site/content/songs/fun-scripture-songs.md,updated,2,4425,
site/content/songs/fun-sunday-school-worship-songs.md,updated,2,4374,
site/content/songs/fun-toddler-worship-songs.md,updated,2,4352,
site/content/songs/fun-worship-songs-for-toddlers.md,updated,2,5046,
site/content/songs/getty-kids-hymns.md,updated,2,4218,
site/content/songs/god-is-so-good-dance.md,updated,2,4544,
site/content/songs/god-is-so-good-kids-song.md,updated,2,4392,
site/content/songs/hymn-for-children-s-day.md,updated,2,4247,
site/content/songs/hymns-for-children-s-choir.md,updated,2,4179,
site/content/songs/hymns-kids-should-know.md,updated,2,4599,
site/content/songs/is-one-voice-children-s-choir-mormon.md,updated,2,4584,
site/content/songs/is-there-christian-music-on-spotify-kids.md,updated,2,3694,
site/content/songs/jesus-loves-me.md,updated,2,4021,
site/content/songs/joyful-praise-kids-church-songs.md,updated,2,4621,
site/content/songs/kids-bible-hymns.md,updated,2,4521,
site/content/songs/kids-choir-songs-church.md,updated,2,4863,
site/content/songs/kids-choir-songs-pop.md,updated,3,4200,
site/content/songs/kids-christian-devotional-songs.md,updated,2,4738,
site/content/songs/kids-christian-music-album.md,updated,2,3793,
site/content/songs/kids-christian-music-app.md,updated,2,4074,
site/content/songs/kids-christian-music-artist.md,updated,2,4472,
site/content/songs/kids-christian-music-artists.md,updated,2,3909,
site/content/songs/kids-christian-music-cd.md,updated,2,4969,
site/content/songs/kids-christian-music-center.md,updated,2,4478,
site/content/songs/kids-christian-music-for-babies.md,updated,2,4077,
site/content/songs/kids-christian-music-for-children.md,updated,2,5194,
site/content/songs/kids-christian-music-for-church.md,updated,2,4076,
site/content/songs/kids-christian-music-for-home.md,updated,3,3717,
site/content/songs/kids-christian-music-for-kids.md,updated,2,4657,
site/content/songs/kids-christian-music-for-preschoolers.md,updated,2,5339,
site/content/songs/kids-christian-music-for-toddlers.md,updated,2,3960,
site/content/songs/kids-christian-music-for-worship.md,updated,2,4795,
site/content/songs/kids-christian-music-free.md,updated,2,3982,
site/content/songs/kids-christian-music-groups.md,updated,2,3756,
site/content/songs/kids-christian-music-interactive.md,updated,2,4476,
site/content/songs/kids-christian-music-no-ads.md,updated,2,4521,
site/content/songs/kids-christian-music-player.md,updated,2,4808,
site/content/songs/kids-christian-music-playlist.md,updated,2,3883,
site/content/songs/kids-christian-music-radio.md,updated,2,4089,
site/content/songs/kids-christian-music-songs.md,updated,2,4668,
site/content/songs/kids-christian-music-videos-on-youtube.md,updated,2,4971,
site/content/songs/kids-christian-music-videos.md,updated,2,4100,
site/content/songs/kids-christian-music-with-actions.md,updated,2,4024,
site/content/songs/kids-christian-music-with-lyrics.md,updated,2,4737,
site/content/songs/kids-christian-music-with-motions.md,updated,2,4188,
site/content/songs/kids-christian-music-youtube.md,updated,2,4260,
site/content/songs/kids-christian-music.md,updated,2,4286,
site/content/songs/kids-christian-songs-about-love.md,updated,2,4392,
site/content/songs/kids-christian-songs-english.md,updated,2,4750,
site/content/songs/kids-christian-songs-for-praise-and-worship.md,updated,2,4397,
site/content/songs/kids-christian-songs-hallelujah.md,updated,2,4548,
site/content/songs/kids-christian-songs-list.md,updated,2,4463,
site/content/songs/kids-christian-songs-lyrics.md,updated,2,4642,
site/content/songs/kids-christian-songs-malayalam.md,updated,2,3642,
site/content/songs/kids-christian-songs-playlist.md,updated,2,5080,
site/content/songs/kids-christian-songs-tamil-lyrics.md,updated,2,4019,
site/content/songs/kids-christian-songs-tamil.md,updated,2,4055,
site/content/songs/kids-christian-songs-with-actions.md,updated,2,3894,
site/content/songs/kids-christian-songs-with-dance-moves.md,updated,2,4445,
site/content/songs/kids-christian-songs-with-motions.md,updated,2,4872,
site/content/songs/kids-christian-songs-youtube.md,updated,2,3917,
site/content/songs/kids-christian-songs.md,updated,2,4710,
site/content/songs/kids-church-music-app.md,updated,2,3815,
site/content/songs/kids-church-music-cd.md,updated,2,4279,
site/content/songs/kids-church-music-for-babies.md,updated,2,3681,
site/content/songs/kids-church-music-for-children.md,updated,2,4008,
site/content/songs/kids-church-music-for-church.md,updated,2,4516,
site/content/songs/kids-church-music-for-home.md,updated,2,3832,
site/content/songs/kids-church-music-for-kids.md,updated,2,3996,
site/content/songs/kids-church-music-for-preschoolers.md,updated,2,4593,
site/content/songs/kids-church-music-for-toddlers.md,updated,2,5111,
site/content/songs/kids-church-music-for-worship.md,updated,2,3809,
site/content/songs/kids-church-music-interactive.md,updated,2,4325,
site/content/songs/kids-church-music-playlist.md,updated,2,4004,
site/content/songs/kids-church-music-videos.md,updated,2,4769,
site/content/songs/kids-church-music-with-actions.md,updated,2,3979,
site/content/songs/kids-church-music-with-lyrics.md,updated,2,3666,
site/content/songs/kids-church-music-with-motions.md,updated,2,4086,
site/content/songs/kids-church-music-youtube.md,updated,2,3874,
site/content/songs/kids-devotional-songs-app.md,updated,2,4980,
site/content/songs/kids-devotional-songs-cd.md,updated,2,3968,
site/content/songs/kids-devotional-songs-for-babies.md,updated,2,4899,
site/content/songs/kids-devotional-songs-for-children.md,updated,2,5022,
site/content/songs/kids-devotional-songs-for-church.md,updated,2,4490,
site/content/songs/kids-devotional-songs-for-home.md,updated,2,4113,
site/content/songs/kids-devotional-songs-for-kids.md,updated,2,4451,
site/content/songs/kids-devotional-songs-for-preschoolers.md,updated,2,3781,
site/content/songs/kids-devotional-songs-for-toddlers.md,updated,2,4718,
site/content/songs/kids-devotional-songs-for-worship.md,updated,2,4841,
site/content/songs/kids-devotional-songs-in-tamil.md,updated,2,4412,
site/content/songs/kids-devotional-songs-interactive.md,updated,2,4113,
site/content/songs/kids-devotional-songs-lyrics.md,updated,2,4155,
site/content/songs/kids-devotional-songs-malayalam.md,updated,2,4426,
site/content/songs/kids-devotional-songs-playlist.md,updated,2,5045,
site/content/songs/kids-devotional-songs-videos.md,updated,2,4121,
site/content/songs/kids-devotional-songs-with-actions.md,updated,2,5326,
site/content/songs/kids-devotional-songs-with-lyrics.md,updated,2,3799,
site/content/songs/kids-devotional-songs-with-motions.md,updated,2,5221,
site/content/songs/kids-devotional-songs-youtube.md,updated,2,4814,
site/content/songs/kids-faith-music.md,updated,2,4782,
site/content/songs/kids-faith-songs-app.md,updated,2,4127,
site/content/songs/kids-faith-songs-cd.md,updated,2,4519,
site/content/songs/kids-faith-songs-for-babies.md,updated,2,4011,
site/content/songs/kids-faith-songs-for-children.md,updated,2,4068,
site/content/songs/kids-faith-songs-for-church.md,updated,2,4554,
site/content/songs/kids-faith-songs-for-home.md,updated,2,3480,
site/content/songs/kids-faith-songs-for-kids.md,updated,2,4240,
site/content/songs/kids-faith-songs-for-preschoolers.md,updated,2,4132,
site/content/songs/kids-faith-songs-for-toddlers.md,updated,2,3307,
site/content/songs/kids-faith-songs-for-worship.md,updated,2,3384,
site/content/songs/kids-faith-songs-interactive.md,updated,2,4655,
site/content/songs/kids-faith-songs-lyrics.md,updated,2,4864,
site/content/songs/kids-faith-songs-playlist.md,updated,2,3633,
site/content/songs/kids-faith-songs-videos.md,updated,2,4165,
site/content/songs/kids-faith-songs-with-actions.md,updated,2,3730,
site/content/songs/kids-faith-songs-with-lyrics.md,updated,2,4457,
site/content/songs/kids-faith-songs-with-motions.md,updated,2,4501,
site/content/songs/kids-faith-songs-youtube.md,updated,3,3818,
site/content/songs/kids-faith-tv-jesus-son-of-god.md,updated,2,4115,
site/content/songs/kids-faith-tv-songs.md,updated,2,4591,
site/content/songs/kids-faith-tv-walking-with-jesus.md,updated,2,4693,
site/content/songs/kids-faith-tv-what-a-mighty-god-we-serve.md,updated,2,4025,
site/content/songs/kids-god-songs-kannada.md,updated,3,4058,
site/content/songs/kids-god-songs.md,updated,2,5224,
site/content/songs/kids-gospel-music-app.md,updated,2,4347,
site/content/songs/kids-gospel-music-cd.md,updated,2,3340,
site/content/songs/kids-gospel-music-download.md,updated,2,4030,
site/content/songs/kids-gospel-music-for-babies.md,updated,2,3421,
site/content/songs/kids-gospel-music-for-children.md,updated,2,4388,
site/content/songs/kids-gospel-music-for-church.md,updated,2,3528,
site/content/songs/kids-gospel-music-for-home.md,updated,3,4238,
site/content/songs/kids-gospel-music-for-kids.md,updated,2,3746,
site/content/songs/kids-gospel-music-for-preschoolers.md,updated,2,4908,
site/content/songs/kids-gospel-music-for-toddlers.md,updated,2,5199,
site/content/songs/kids-gospel-music-for-worship.md,updated,2,4057,
site/content/songs/kids-gospel-music-interactive.md,updated,2,4535,
site/content/songs/kids-gospel-music-playlist.md,updated,2,4088,
site/content/songs/kids-gospel-music-songs.md,updated,2,3263,
site/content/songs/kids-gospel-music-videos.md,updated,2,4747,
site/content/songs/kids-gospel-music-with-actions.md,updated,2,4006,
site/content/songs/kids-gospel-music-with-lyrics.md,updated,2,4519,
site/content/songs/kids-gospel-music-with-motions.md,updated,2,4965,
site/content/songs/kids-gospel-music-youtube.md,updated,2,3770,
site/content/songs/kids-gospel-music.md,updated,2,3991,
site/content/songs/kids-gospel-songs.md,updated,2,4496,
site/content/songs/kids-hymns-app.md,updated,2,4312,
site/content/songs/kids-hymns-catholic.md,updated,2,3420,
site/content/songs/kids-hymns-cd.md,updated,2,4475,
site/content/songs/kids-hymns-for-babies.md,updated,2,5296,
site/content/songs/kids-hymns-for-children.md,updated,2,4771,
site/content/songs/kids-hymns-for-church.md,updated,2,3767,
site/content/songs/kids-hymns-for-home.md,updated,2,3920,
site/content/songs/kids-hymns-for-kids.md,updated,2,3975,
site/content/songs/kids-hymns-for-preschoolers.md,updated,2,4522,
site/content/songs/kids-hymns-for-toddlers.md,updated,2,4945,
site/content/songs/kids-hymns-for-worship.md,updated,2,3811,
site/content/songs/kids-hymns-interactive.md,updated,2,4591,
site/content/songs/kids-hymns-list.md,updated,2,3913,
site/content/songs/kids-hymns-lyrics.md,updated,2,4118,
site/content/songs/kids-hymns-playlist.md,updated,2,3997,
site/content/songs/kids-hymns-songs.md,updated,2,4516,
site/content/songs/kids-hymns-videos.md,updated,2,3775,
site/content/songs/kids-hymns-with-actions.md,updated,2,4860,
site/content/songs/kids-hymns-with-lyrics.md,updated,2,4418,
site/content/songs/kids-hymns-with-motions.md,updated,2,4098,
site/content/songs/kids-hymns-youtube.md,updated,2,4100,
site/content/songs/kids-memory-verse-songs-app.md,updated,3,3954,
site/content/songs/kids-memory-verse-songs-cd.md,updated,2,4463,
site/content/songs/kids-memory-verse-songs-for-babies.md,updated,2,4255,
site/content/songs/kids-memory-verse-songs-for-children.md,updated,2,4556,
site/content/songs/kids-memory-verse-songs-for-church.md,updated,2,4628,
site/content/songs/kids-memory-verse-songs-for-home.md,updated,2,4145,
site/content/songs/kids-memory-verse-songs-for-kids.md,updated,2,5324,
site/content/songs/kids-memory-verse-songs-for-preschoolers.md,updated,2,4168,
site/content/songs/kids-memory-verse-songs-for-toddlers.md,updated,2,3374,
site/content/songs/kids-memory-verse-songs-for-worship.md,updated,2,4427,
site/content/songs/kids-memory-verse-songs-interactive.md,updated,2,4047,
site/content/songs/kids-memory-verse-songs-kjv.md,updated,2,4246,
site/content/songs/kids-memory-verse-songs-playlist.md,updated,2,3774,
site/content/songs/kids-memory-verse-songs-videos.md,updated,2,4749,
site/content/songs/kids-memory-verse-songs-with-actions.md,updated,2,4909,
site/content/songs/kids-memory-verse-songs-with-lyrics.md,updated,2,4409,
site/content/songs/kids-memory-verse-songs-with-motions.md,updated,2,5002,
site/content/songs/kids-memory-verse-songs-youtube.md,updated,2,4871,
site/content/songs/kids-memory-verse.md,updated,2,4585,
site/content/songs/kids-ministry-music.md,updated,2,5152,
site/content/songs/kids-praise-and-worship-songs-list.md,updated,2,3648,
site/content/songs/kids-praise-songs-app.md,updated,2,4905,
site/content/songs/kids-praise-songs-cd.md,updated,2,4514,
site/content/songs/kids-praise-songs-chords.md,updated,2,4488,
site/content/songs/kids-praise-songs-for-babies.md,updated,2,4649,
site/content/songs/kids-praise-songs-for-children.md,updated,2,3519,
site/content/songs/kids-praise-songs-for-church.md,updated,2,4182,
site/content/songs/kids-praise-songs-for-home.md,updated,2,4304,
site/content/songs/kids-praise-songs-for-kids.md,updated,2,3843,
site/content/songs/kids-praise-songs-for-preschoolers.md,updated,2,4463,
site/content/songs/kids-praise-songs-for-sunday-school.md,updated,2,4844,
site/content/songs/kids-praise-songs-for-toddlers.md,updated,2,4834,
site/content/songs/kids-praise-songs-for-worship.md,updated,2,4540,
site/content/songs/kids-praise-songs-interactive.md,updated,2,3563,
site/content/songs/kids-praise-songs-list.md,updated,2,3756,
site/content/songs/kids-praise-songs-lyrics-in-english.md,updated,2,4738,
site/content/songs/kids-praise-songs-lyrics-pdf.md,updated,2,4337,
site/content/songs/kids-praise-songs-lyrics.md,updated,2,4365,
site/content/songs/kids-praise-songs-playlist.md,updated,2,4498,
site/content/songs/kids-praise-songs-psalty.md,updated,2,4730,
site/content/songs/kids-praise-songs-videos.md,updated,2,4658,
site/content/songs/kids-praise-songs-with-actions-lyrics.md,updated,2,4193,
site/content/songs/kids-praise-songs-with-actions.md,updated,2,4880,
site/content/songs/kids-praise-songs-with-lyrics.md,updated,2,4624,
site/content/songs/kids-praise-songs-with-motions-lyrics.md,updated,2,5111,
site/content/songs/kids-praise-songs-with-motions.md,updated,2,4280,
site/content/songs/kids-praise-songs-youtube.md,updated,2,4032,
site/content/songs/kids-religion-songs.md,updated,2,4507,
site/content/songs/kids-religious-songs-playlist.md,updated,2,3898,
site/content/songs/kids-religious-songs-with-actions.md,updated,2,4382,
site/content/songs/kids-religious-songs-youtube.md,updated,2,3592,
site/content/songs/kids-religious-songs.md,updated,2,3812,
site/content/songs/kids-school-hymns.md,updated,2,4111,
site/content/songs/kids-singing-devotional-songs.md,updated,2,4207,
site/content/songs/kids-singing-hymns.md,updated,2,4578,
site/content/songs/kids-spiritual-songs-app.md,updated,2,5047,
site/content/songs/kids-spiritual-songs-cd.md,updated,2,4162,
site/content/songs/kids-spiritual-songs-for-babies.md,updated,2,4061,
site/content/songs/kids-spiritual-songs-for-children.md,updated,2,4310,
site/content/songs/kids-spiritual-songs-for-church.md,updated,2,3703,
site/content/songs/kids-spiritual-songs-for-home.md,updated,2,3777,
site/content/songs/kids-spiritual-songs-for-kids.md,updated,2,3958,
site/content/songs/kids-spiritual-songs-for-preschoolers.md,updated,2,4837,
site/content/songs/kids-spiritual-songs-for-toddlers.md,updated,2,4211,
site/content/songs/kids-spiritual-songs-for-worship.md,updated,2,4606,
site/content/songs/kids-spiritual-songs-interactive.md,updated,2,5216,
site/content/songs/kids-spiritual-songs-lyrics.md,updated,2,3950,
site/content/songs/kids-spiritual-songs-playlist.md,updated,2,4520,
site/content/songs/kids-spiritual-songs-videos.md,updated,2,4134,
site/content/songs/kids-spiritual-songs-with-actions.md,updated,2,5316,
site/content/songs/kids-spiritual-songs-with-lyrics.md,updated,2,5251,
site/content/songs/kids-spiritual-songs-with-motions.md,updated,2,4870,
site/content/songs/kids-spiritual-songs-youtube.md,updated,2,3853,
site/content/songs/kids-worship-music-app.md,updated,2,3523,
site/content/songs/kids-worship-music-cd.md,updated,2,3576,
site/content/songs/kids-worship-music-compass-bible-church.md,updated,2,3756,
site/content/songs/kids-worship-music-for-babies.md,updated,2,5477,
site/content/songs/kids-worship-music-for-children.md,updated,2,4001,
site/content/songs/kids-worship-music-for-church.md,updated,2,4734,
site/content/songs/kids-worship-music-for-home.md,updated,2,4143,
site/content/songs/kids-worship-music-for-kids.md,updated,2,4060,
site/content/songs/kids-worship-music-for-preschoolers.md,updated,2,4452,
site/content/songs/kids-worship-music-for-sunday-school.md,updated,2,4088,
site/content/songs/kids-worship-music-for-toddlers.md,updated,2,4106,
site/content/songs/kids-worship-music-for-worship.md,updated,2,5151,
site/content/songs/kids-worship-music-instrumental.md,updated,2,4181,
site/content/songs/kids-worship-music-interactive.md,updated,2,3920,
site/content/songs/kids-worship-music-playlist.md,updated,2,4627,
site/content/songs/kids-worship-music-songs.md,updated,2,4463,
site/content/songs/kids-worship-music-videos.md,updated,2,4438,
site/content/songs/kids-worship-music-with-actions.md,updated,2,4238,
site/content/songs/kids-worship-music-with-lyrics.md,updated,2,3865,
site/content/songs/kids-worship-music-with-motions.md,updated,2,5394,
site/content/songs/kids-worship-music-youtube.md,updated,2,4126,
site/content/songs/kids-worship-songs-about-light.md,updated,2,4911,
site/content/songs/kids-worship-songs-for-church.md,updated,2,4270,
site/content/songs/kids-worship-songs-with-actions.md,updated,2,4681,
site/content/songs/kids-worship-songs-with-motions-youtube.md,updated,2,4045,
site/content/songs/kids-worship-songs-with-motions.md,updated,2,4631,
site/content/songs/kids-worship-songs.md,updated,2,3986,
site/content/songs/kids-worship-videos.md,updated,2,4929,
site/content/songs/kjv-scripture-songs-for-kids.md,updated,2,4684,
site/content/songs/learn-bible-verses-through-songs.md,updated,2,4523,
site/content/songs/list-of-songs-in-the-bible.md,updated,2,4425,
site/content/songs/listener-kids-this-is-the-day-that-the-lord-has-made-lyrics.md,updated,2,4601,
site/content/songs/listener-kids-this-little-light-of-mine.md,updated,2,4863,
site/content/songs/lullaby-hymns-for-babies.md,updated,2,4757,
site/content/songs/memory-verse-for-teenager.md,updated,2,4704,
site/content/songs/memory-verse-songs.md,updated,2,4599,
site/content/songs/modern-kids-worship-songs.md,updated,2,3355,
site/content/songs/modern-songs-for-primary-school-choir.md,updated,2,3469,
site/content/songs/music-ministry-guidelines.md,updated,2,3821,
site/content/songs/old-christian-songs-with-motions.md,updated,2,5253,
site/content/songs/one-voice-children-s-choir-believer.md,updated,2,4835,
site/content/songs/one-voice-children-s-choir-i-ll-always-remember-you.md,updated,2,3885,
site/content/songs/one-voice-children-s-choir-see-you-again.md,updated,2,4929,
site/content/songs/one-voice-children-s-choir-songs.md,updated,2,3869,
site/content/songs/peaceful-action-songs-for-kids.md,updated,2,4713,
site/content/songs/peaceful-bible-songs-for-kids.md,updated,3,3945,
site/content/songs/peaceful-bible-songs-for-preschoolers.md,updated,2,3729,
site/content/songs/peaceful-bible-story-songs.md,updated,2,4948,
site/content/songs/peaceful-children-s-choir-songs.md,updated,2,5009,
site/content/songs/peaceful-children-s-church-songs.md,updated,2,4778,
site/content/songs/peaceful-children-s-ministry-music.md,updated,2,4412,
site/content/songs/peaceful-christian-kids-playlist.md,updated,2,4122,
site/content/songs/peaceful-christian-lullabies-for-kids.md,updated,2,4463,
site/content/songs/peaceful-christian-songs-with-motions.md,updated,2,3688,
site/content/songs/peaceful-kids-christian-music.md,updated,2,4787,
site/content/songs/peaceful-kids-church-music.md,updated,2,3520,
site/content/songs/peaceful-kids-devotional-songs.md,updated,2,5011,
site/content/songs/peaceful-kids-faith-songs.md,updated,2,4317,
site/content/songs/peaceful-kids-gospel-music.md,updated,2,5261,
site/content/songs/peaceful-kids-hymns.md,updated,2,4635,
site/content/songs/peaceful-kids-memory-verse-songs.md,updated,2,3716,
site/content/songs/peaceful-kids-praise-songs.md,updated,2,4098,
site/content/songs/peaceful-kids-spiritual-songs.md,updated,2,3983,
site/content/songs/peaceful-kids-worship-music.md,updated,2,4899,
site/content/songs/peaceful-preschool-christian-songs.md,updated,2,3973,
site/content/songs/peaceful-scripture-songs.md,updated,3,4594,
site/content/songs/peaceful-sunday-school-worship-songs.md,updated,2,3633,
site/content/songs/peaceful-toddler-worship-songs.md,updated,2,4521,
site/content/songs/peaceful-worship-songs-for-toddlers.md,updated,2,4090,
site/content/songs/popular-bible-songs-for-kids.md,updated,2,4597,
site/content/songs/popular-children-s-choir-songs.md,updated,2,4798,
site/content/songs/popular-children-s-church-songs.md,updated,2,3763,
site/content/songs/popular-children-s-ministry-music.md,updated,2,3551,
site/content/songs/popular-christian-kids-playlist.md,updated,2,3997,
site/content/songs/popular-christian-songs-with-motions.md,updated,2,4337,
site/content/songs/popular-kids-christian-music.md,updated,2,4565,
site/content/songs/popular-kids-church-music.md,updated,2,4114,
site/content/songs/popular-kids-hymns.md,updated,2,4702,
site/content/songs/popular-kids-praise-songs.md,updated,2,4500,
site/content/songs/popular-kids-spiritual-songs.md,updated,2,4007,
site/content/songs/popular-kids-worship-music.md,updated,2,4320,
site/content/songs/popular-scripture-songs.md,updated,2,3963,
site/content/songs/praise-action-songs-for-kids.md,updated,2,4447,
site/content/songs/praise-and-worship-for-kids.md,updated,2,4368,
site/content/songs/praise-bible-songs-for-kids.md,updated,2,4364,
site/content/songs/praise-bible-songs-for-preschoolers.md,updated,2,4421,
site/content/songs/praise-bible-story-songs.md,updated,2,4805,
site/content/songs/praise-children-s-choir-songs.md,updated,2,5106,
site/content/songs/praise-children-s-church-songs.md,updated,2,4141,
site/content/songs/praise-children-s-ministry-music.md,updated,2,5544,
site/content/songs/praise-christian-kids-playlist.md,updated,2,3984,
site/content/songs/praise-christian-lullabies-for-kids.md,updated,2,4300,
site/content/songs/praise-christian-songs-with-motions.md,updated,2,4574,
site/content/songs/praise-kids-christian-music.md,updated,3,4136,
site/content/songs/praise-kids-church-music.md,updated,3,4322,
site/content/songs/praise-kids-devotional-songs.md,updated,2,5107,
site/content/songs/praise-kids-faith-songs.md,updated,2,4349,
site/content/songs/praise-kids-gospel-music.md,updated,2,4173,
site/content/songs/praise-kids-hymns.md,updated,2,3903,
site/content/songs/praise-kids-memory-verse-songs.md,updated,2,4083,
site/content/songs/praise-kids-praise-songs.md,updated,2,4123,
site/content/songs/praise-kids-spiritual-songs.md,updated,2,4643,
site/content/songs/praise-kids-worship-music.md,updated,2,4288,
site/content/songs/praise-preschool-christian-songs.md,updated,2,5055,
site/content/songs/praise-scripture-songs.md,updated,2,4324,
site/content/songs/praise-sunday-school-songs.md,updated,3,3679,
site/content/songs/praise-sunday-school-worship-songs.md,updated,3,3537,
site/content/songs/praise-toddler-worship-songs.md,updated,2,4165,
site/content/songs/praise-vacation-bible-school-songs.md,updated,3,4290,
site/content/songs/praise-vbs-theme-songs.md,updated,2,3909,
site/content/songs/praise-worship-songs-for-toddlers.md,updated,2,4900,
site/content/songs/preschool-bible-songs-with-motions.md,updated,2,4612,
site/content/songs/preschool-christian-songs-app.md,updated,2,4003,
site/content/songs/preschool-christian-songs-cd.md,updated,2,3769,
site/content/songs/preschool-christian-songs-for-babies.md,updated,2,4459,
site/content/songs/preschool-christian-songs-for-children.md,updated,2,4453,
site/content/songs/preschool-christian-songs-for-church.md,updated,2,4097,
site/content/songs/preschool-christian-songs-for-home.md,updated,2,4013,
site/content/songs/preschool-christian-songs-for-kids.md,updated,2,5157,
site/content/songs/preschool-christian-songs-for-preschoolers.md,updated,2,3869,
site/content/songs/preschool-christian-songs-for-toddlers.md,updated,3,4376,
site/content/songs/preschool-christian-songs-for-worship.md,updated,2,4074,
site/content/songs/preschool-christian-songs-interactive.md,updated,2,4029,
site/content/songs/preschool-christian-songs-lyrics.md,updated,2,5089,
site/content/songs/preschool-christian-songs-playlist.md,updated,2,4809,
site/content/songs/preschool-christian-songs-videos.md,updated,2,4398,
site/content/songs/preschool-christian-songs-with-actions.md,updated,2,5173,
site/content/songs/preschool-christian-songs-with-lyrics.md,updated,2,4951,
site/content/songs/preschool-christian-songs-with-motions.md,updated,2,4810,
site/content/songs/preschool-christian-songs-youtube.md,updated,2,4528,
site/content/songs/preschool-worship-songs-with-actions.md,updated,2,5611,
site/content/songs/preschool-worship-songs-with-motions.md,updated,2,4230,
site/content/songs/preschool-worship-songs.md,updated,2,4343,
site/content/songs/scripture-songs-app.md,updated,2,3320,
site/content/songs/scripture-songs-cd.md,updated,2,3806,
site/content/songs/scripture-songs-esther-mui.md,updated,2,3856,
site/content/songs/scripture-songs-for-adults.md,updated,2,3588,
site/content/songs/scripture-songs-for-babies.md,updated,2,4921,
site/content/songs/scripture-songs-for-children.md,updated,2,4483,
site/content/songs/scripture-songs-for-church.md,updated,2,4300,
site/content/songs/scripture-songs-for-home.md,updated,2,4631,
site/content/songs/scripture-songs-for-kids.md,updated,2,3645,
site/content/songs/scripture-songs-for-preschoolers.md,updated,2,4714,
site/content/songs/scripture-songs-for-sunday-school.md,updated,2,4034,
site/content/songs/scripture-songs-for-toddlers.md,updated,2,4335,
site/content/songs/scripture-songs-for-worship.md,updated,2,3849,
site/content/songs/scripture-songs-from-psalms.md,updated,2,3757,
site/content/songs/scripture-songs-interactive.md,updated,2,4549,
site/content/songs/scripture-songs-kjv.md,updated,2,3918,
site/content/songs/scripture-songs-list.md,updated,2,4641,
site/content/songs/scripture-songs-lyrics.md,updated,2,3771,
site/content/songs/scripture-songs-of-deliverance.md,updated,2,4537,
site/content/songs/scripture-songs-of-praise.md,updated,3,3474,
site/content/songs/scripture-songs-patti-vaillant.md,updated,2,4250,
site/content/songs/scripture-songs-playlist.md,updated,2,4296,
site/content/songs/scripture-songs-sda.md,updated,2,3879,
site/content/songs/scripture-songs-videos.md,updated,2,4571,
site/content/songs/scripture-songs-volume-1.md,updated,2,3528,
site/content/songs/scripture-songs-volume-2.md,updated,2,4654,
site/content/songs/scripture-songs-with-actions.md,updated,2,3901,
site/content/songs/scripture-songs-with-lyrics.md,updated,2,4207,
site/content/songs/scripture-songs-with-motions.md,updated,2,3621,
site/content/songs/scripture-songs-youtube.md,updated,2,3541,
site/content/songs/short-bible-story-songs.md,updated,2,4152,
site/content/songs/simple-action-songs-for-kids.md,updated,2,4022,
site/content/songs/simple-bible-songs-for-kids.md,updated,2,4414,
site/content/songs/simple-bible-songs-for-preschoolers.md,updated,2,4624,
site/content/songs/simple-bible-story-songs.md,updated,2,4438,
site/content/songs/simple-children-s-choir-songs.md,updated,2,3731,
site/content/songs/simple-children-s-church-songs.md,updated,2,4471,
site/content/songs/simple-children-s-ministry-music.md,updated,2,5200,
site/content/songs/simple-christian-kids-playlist.md,updated,2,3811,
site/content/songs/simple-christian-lullabies-for-kids.md,updated,2,4297,
site/content/songs/simple-christian-songs-with-motions.md,updated,2,4027,
site/content/songs/simple-kids-christian-music.md,updated,3,4439,
site/content/songs/simple-kids-church-music.md,updated,2,3979,
site/content/songs/simple-kids-devotional-songs.md,updated,2,4800,
site/content/songs/simple-kids-faith-songs.md,updated,2,4648,
site/content/songs/simple-kids-gospel-music.md,updated,2,4069,
site/content/songs/simple-kids-hymns.md,updated,2,5420,
site/content/songs/simple-kids-memory-verse-songs.md,updated,2,4346,
site/content/songs/simple-kids-praise-songs.md,updated,2,4577,
site/content/songs/simple-kids-spiritual-songs.md,updated,2,4751,
site/content/songs/simple-kids-worship-music.md,updated,2,4936,
site/content/songs/simple-preschool-christian-songs.md,updated,2,3866,
site/content/songs/simple-scripture-songs.md,updated,2,4021,
site/content/songs/simple-sunday-school-worship-songs.md,updated,2,4967,
site/content/songs/simple-toddler-worship-songs.md,updated,2,4418,
site/content/songs/simple-worship-songs-for-toddlers.md,updated,2,4007,
site/content/songs/songs-about-faith.md,updated,2,4550,
site/content/songs/songs-about-growing-in-faith.md,updated,2,3128,
site/content/songs/songs-about-jesus-for-kids-lyrics.md,updated,3,4273,
site/content/songs/songs-for-children-s-ministry.md,updated,2,4162,
site/content/songs/songs-for-children-s-worship.md,updated,2,3915,
site/content/songs/songs-for-sunday-worship.md,updated,2,4972,
site/content/songs/sunday-school-praise-and-worship-songs.md,updated,2,3817,
site/content/songs/sunday-school-songs-for-worship.md,updated,2,4079,
site/content/songs/sunday-school-worship-activities.md,updated,2,4387,
site/content/songs/sunday-school-worship-songs-app.md,updated,2,4652,
site/content/songs/sunday-school-worship-songs-cd.md,updated,2,4511,
site/content/songs/sunday-school-worship-songs-for-babies.md,updated,2,4649,
site/content/songs/sunday-school-worship-songs-for-children.md,updated,2,4410,
site/content/songs/sunday-school-worship-songs-for-church.md,updated,2,4430,
site/content/songs/sunday-school-worship-songs-for-home.md,updated,2,3967,
site/content/songs/sunday-school-worship-songs-for-kids.md,updated,2,4402,
site/content/songs/sunday-school-worship-songs-for-preschoolers.md,updated,2,4246,
site/content/songs/sunday-school-worship-songs-for-sunday-school.md,updated,2,4135,
site/content/songs/sunday-school-worship-songs-for-toddlers.md,updated,2,4554,
site/content/songs/sunday-school-worship-songs-for-worship.md,updated,2,3665,
site/content/songs/sunday-school-worship-songs-interactive.md,updated,2,3887,
site/content/songs/sunday-school-worship-songs-lyrics.md,updated,2,4745,
site/content/songs/sunday-school-worship-songs-playlist.md,updated,2,4578,
site/content/songs/sunday-school-worship-songs-videos.md,updated,2,3352,
site/content/songs/sunday-school-worship-songs-with-actions.md,updated,2,3540,
site/content/songs/sunday-school-worship-songs-with-lyrics.md,updated,2,3591,
site/content/songs/sunday-school-worship-songs-with-motions.md,updated,2,3282,
site/content/songs/sunday-school-worship-songs-youtube.md,updated,2,3672,
site/content/songs/sunday-school-worship.md,updated,2,4367,
site/content/songs/the-bible-tells-me-so-book.md,updated,2,4483,
site/content/songs/the-bible-tells-me-so-song-lyrics.md,updated,3,4626,
site/content/songs/toddler-christian-songs-youtube.md,updated,2,4538,
site/content/songs/toddler-worship-songs-app.md,updated,2,3896,
site/content/songs/toddler-worship-songs-cd.md,updated,2,5392,
site/content/songs/toddler-worship-songs-for-babies.md,updated,2,4802,
site/content/songs/toddler-worship-songs-for-children.md,updated,2,4719,
site/content/songs/toddler-worship-songs-for-church.md,updated,2,4289,
site/content/songs/toddler-worship-songs-for-home.md,updated,2,5136,
site/content/songs/toddler-worship-songs-for-kids.md,updated,2,5216,
site/content/songs/toddler-worship-songs-for-preschoolers.md,updated,2,4918,
site/content/songs/toddler-worship-songs-for-sunday-school.md,updated,3,5204,
site/content/songs/toddler-worship-songs-for-toddlers.md,updated,2,4193,
site/content/songs/toddler-worship-songs-for-worship.md,updated,2,5864,
site/content/songs/toddler-worship-songs-interactive.md,updated,2,5926,
site/content/songs/toddler-worship-songs-lyrics.md,updated,2,4435,
site/content/songs/toddler-worship-songs-playlist.md,updated,2,4413,
site/content/songs/toddler-worship-songs-videos.md,updated,2,4263,
site/content/songs/toddler-worship-songs-with-actions.md,updated,2,4626,
site/content/songs/toddler-worship-songs-with-lyrics.md,updated,2,3844,
site/content/songs/toddler-worship-songs-with-motions.md,updated,2,4898,
site/content/songs/toddler-worship-songs-youtube.md,updated,2,4360,
site/content/songs/top-20-children-s-hymns-and-songs.md,updated,2,3935,
site/content/songs/upbeat-christian-songs-for-kids.md,updated,2,4672,
site/content/songs/vacation-bible-school-songs-for-worship.md,updated,2,3774,
site/content/songs/vbs-theme-songs-for-worship.md,updated,2,4291,
site/content/songs/what-are-action-songs-for-kids.md,updated,2,4350,
site/content/songs/what-are-the-easiest-kids-songs-to-sing.md,updated,2,4340,
site/content/songs/what-are-the-gospels-for-kids.md,updated,2,5220,
site/content/songs/what-bible-verse-is-good-for-kids-to-memorize.md,updated,2,4168,
site/content/songs/what-is-a-short-sweet-bible-verse-for-kids.md,updated,2,4810,
site/content/songs/what-is-good-kids-most-popular-song.md,updated,2,4149,
site/content/songs/what-is-gospel-music-for-kids.md,updated,2,4034,
site/content/songs/what-is-the-best-children-s-choir.md,updated,2,4189,
site/content/songs/what-is-the-best-christian-song-for-kids.md,updated,2,4609,
site/content/songs/what-is-the-best-song-ever-for-kids.md,updated,2,4295,
site/content/songs/what-is-the-easiest-song-to-sing-for-kids.md,updated,2,4871,
site/content/songs/what-is-the-easy-song-to-sing-to-kids.md,updated,2,4036,
site/content/songs/what-is-the-god-s-love-verse-for-kids.md,updated,2,4572,
site/content/songs/what-is-the-most-popular-children-s-hymn.md,updated,2,4317,
site/content/songs/what-is-the-most-popular-song-for-kids.md,updated,2,4095,
site/content/songs/what-kind-of-music-is-good-for-children.md,updated,2,4543,
site/content/songs/what-rock-song-has-a-kids-choir.md,updated,2,4334,
site/content/songs/what-s-a-good-wake-up-song-for-kids.md,updated,2,5108,
site/content/songs/what-s-the-most-popular-song-for-kids.md,updated,2,4006,
site/content/songs/which-verse-is-good-for-children.md,updated,2,4677,
site/content/songs/worship-action-songs-for-kids.md,updated,2,3963,
site/content/songs/worship-bible-songs-for-kids.md,updated,2,3929,
site/content/songs/worship-bible-songs-for-preschoolers.md,updated,2,4223,
site/content/songs/worship-bible-story-songs.md,updated,2,4457,
site/content/songs/worship-children-s-choir-songs.md,updated,2,4020,
site/content/songs/worship-children-s-church-songs.md,updated,2,3951,
site/content/songs/worship-children-s-ministry-music.md,updated,2,4981,
site/content/songs/worship-christian-kids-playlist.md,updated,2,4896,
site/content/songs/worship-christian-lullabies-for-kids.md,updated,2,5035,
site/content/songs/worship-christian-songs-with-motions.md,updated,2,5334,
site/content/songs/worship-kids-christian-music.md,updated,2,5351,
site/content/songs/worship-kids-church-music.md,updated,2,4740,
site/content/songs/worship-kids-devotional-songs.md,updated,2,3630,
site/content/songs/worship-kids-faith-songs.md,updated,3,3819,
site/content/songs/worship-kids-gospel-music.md,updated,2,4388,
site/content/songs/worship-kids-hymns.md,updated,2,4099,
site/content/songs/worship-kids-memory-verse-songs.md,updated,2,4409,
site/content/songs/worship-kids-praise-songs.md,updated,2,4645,
site/content/songs/worship-kids-spiritual-songs.md,updated,2,4049,
site/content/songs/worship-kids-worship-music.md,updated,2,4297,
site/content/songs/worship-music-for-toddlers.md,updated,2,4346,
site/content/songs/worship-preschool-christian-songs.md,updated,2,5142,
site/content/songs/worship-scripture-songs.md,updated,2,4098,
site/content/songs/worship-songs-for-babies.md,updated,2,4678,
site/content/songs/worship-songs-for-child-dedication.md,updated,2,4631,
site/content/songs/worship-songs-for-kids-church.md,updated,2,3946,
site/content/songs/worship-songs-for-kids-lyrics.md,updated,2,5037,
site/content/songs/worship-songs-for-kids-pdf.md,updated,2,4198,
site/content/songs/worship-songs-for-kids-to-sing.md,updated,2,4341,
site/content/songs/worship-songs-for-kids-with-actions.md,updated,2,3871,
site/content/songs/worship-songs-for-kids-with-motions.md,updated,2,4182,
site/content/songs/worship-songs-for-kids.md,updated,2,4161,
site/content/songs/worship-songs-for-preschoolers.md,updated,2,4860,
site/content/songs/worship-songs-for-toddlers-app.md,updated,2,4610,
site/content/songs/worship-songs-for-toddlers-cd.md,updated,2,3947,
site/content/songs/worship-songs-for-toddlers-for-babies.md,updated,2,4749,
site/content/songs/worship-songs-for-toddlers-for-children.md,updated,2,3545,
site/content/songs/worship-songs-for-toddlers-for-church.md,updated,2,4210,
site/content/songs/worship-songs-for-toddlers-for-home.md,updated,2,4730,
site/content/songs/worship-songs-for-toddlers-for-kids.md,updated,2,4483,
site/content/songs/worship-songs-for-toddlers-for-preschoolers.md,updated,2,5032,
site/content/songs/worship-songs-for-toddlers-for-sunday-school.md,updated,2,4730,
site/content/songs/worship-songs-for-toddlers-for-toddlers.md,updated,2,5302,
site/content/songs/worship-songs-for-toddlers-for-worship.md,updated,2,4746,
site/content/songs/worship-songs-for-toddlers-interactive.md,updated,2,4238,
site/content/songs/worship-songs-for-toddlers-playlist.md,updated,2,4097,
site/content/songs/worship-songs-for-toddlers-videos.md,updated,2,4742,
site/content/songs/worship-songs-for-toddlers-with-actions.md,updated,2,4368,
site/content/songs/worship-songs-for-toddlers-with-lyrics.md,updated,2,5044,
site/content/songs/worship-songs-for-toddlers-with-motions.md,updated,2,3954,
site/content/songs/worship-songs-for-toddlers-youtube.md,updated,2,4859,
site/content/songs/worship-songs-with-motions-and-lyrics.md,updated,2,4295,
site/content/songs/worship-songs-with-motions-for-kids-youtube.md,updated,2,4081,
site/content/songs/worship-songs-with-motions-for-kids.md,updated,2,4727,
site/content/songs/worship-songs-with-motions.md,updated,2,4903,
site/content/songs/worship-sunday-school-songs.md,updated,2,4062,
site/content/songs/worship-sunday-school-worship-songs.md,updated,2,4419,
site/content/songs/worship-toddler-worship-songs.md,updated,2,5331,
site/content/songs/worship-vacation-bible-school-songs.md,updated,2,4093,
site/content/songs/worship-vbs-theme-songs.md,updated,2,3688,
site/content/songs/worship-worship-songs-for-toddlers.md,updated,2,4095,
site/content/songs/youth-choir-songs.md,updated,2,4300,
site/content/songs/youth-ministry-music.md,updated,2,4504,
site/content/songs/youtube-kids-christian-songs.md,updated,2,4231,
