file,action,match_score,final_title,final_slug,missing_fields
N/A,not_found,0,Abound In Hope,abound-in-hope,N/A
N/A,not_found,0,All Have Sinned,all-have-sinned,N/A
N/A,not_found,0,Babel,babel,N/A
N/A,not_found,0,Be Strong and Courageous,be-strong-and-courageous,N/A
N/A,not_found,0,Fear Not,fear-not,N/A
N/A,not_found,0,I Will Confess,i-will-confess,N/A
N/A,not_found,0,If We Confess,if-we-confess,N/A
N/A,not_found,0,Let Him Ask God,let-him-ask-god,N/A
N/A,not_found,0,My Son,my-son,N/A
N/A,not_found,0,No Other Gods,no-other-gods,N/A
N/A,not_found,0,The Lord Is Near,the-lord-is-near,N/A
N/A,not_found,0,A Little While,a-little-while,N/A
N/A,not_found,0,Fortunes,fortunes,N/A
N/A,not_found,0,Grace And Truth,grace-and-truth,N/A
N/A,not_found,0,I Believe,i-believe,N/A
N/A,not_found,0,I Press On,i-press-on,N/A
N/A,not_found,0,Love One Another,love-one-another,N/A
N/A,not_found,0,Seek First His Kingdom,seek-first-his-kingdom,N/A
N/A,not_found,0,The Spirit Of The Lord,the-spirit-of-the-lord,N/A
N/A,not_found,0,Wait For Him,wait-for-him,N/A
N/A,not_found,0,We're Alive,we-re-alive,N/A
N/A,not_found,0,By Him,by-him,N/A
N/A,not_found,0,For God So Loved The World,for-god-so-loved-the-world,N/A
N/A,not_found,0,I Am The Door,i-am-the-door,N/A
N/A,not_found,0,In My Father’s House,in-my-fathers-house,N/A
N/A,not_found,0,Salvation Belongs To Our God,salvation-belongs-to-our-god,N/A
N/A,not_found,0,Savior,savior,N/A
N/A,not_found,0,The Alpha & The Omega,the-alpha-the-omega,N/A
N/A,not_found,0,The Word,the-word,N/A
N/A,not_found,0,We Are His Workmanship,we-are-his-workmanship,N/A
N/A,not_found,0,A Holy Miracle,a-holy-miracle,N/A
N/A,not_found,0,Lying In A Manger,lying-in-a-manger,N/A
N/A,not_found,0,Nothing Will Be Impossible,nothing-will-be-impossible,N/A
N/A,not_found,0,We Still Bow Down,we-still-bow-down,N/A
N/A,not_found,0,The Newborn King,the-newborn-king,N/A
N/A,not_found,0,Silent Night,silent-night,N/A
N/A,not_found,0,Citizens Of Heaven,citizens-of-heaven,N/A
N/A,not_found,0,Immovable,immovable,N/A
N/A,not_found,0,Not Ashamed,not-ashamed,N/A
N/A,not_found,0,Power,power,N/A
N/A,not_found,0,The Light Of Life,the-light-of-life,N/A
N/A,not_found,0,The Victory,the-victory,N/A
N/A,not_found,0,Walk In Him,walk-in-him,N/A
N/A,not_found,0,The New Testament Song,the-new-testament-song,N/A
N/A,not_found,0,Children And Fathers,children-and-fathers,N/A
N/A,not_found,0,Delight,delight,N/A
N/A,not_found,0,Give Thanks,give-thanks,N/A
N/A,not_found,0,More Than Conquerors,more-than-conquerors,N/A
N/A,not_found,0,Put On Love,put-on-love,N/A
N/A,not_found,0,Teach Them,teach-them,N/A
N/A,not_found,0,The Character Song,the-character-song,N/A
N/A,not_found,0,The Fruit,the-fruit,N/A
N/A,not_found,0,The Only Way (Books of the New Testament),the-only-way-books-of-the-new-testament,N/A
N/A,not_found,0,The Perfect Example,the-perfect-example,N/A
N/A,not_found,0,The Wages And The Gift,the-wages-and-the-gift,N/A
N/A,not_found,0,The Life,the-life,N/A
N/A,not_found,0,Call His Name Immanuel,call-his-name-immanuel,N/A
N/A,not_found,0,God With Us,god-with-us,N/A
N/A,not_found,0,Mary’s Song Of Praise,marys-song-of-praise,N/A
N/A,not_found,0,To Us A Child Is Born,to-us-a-child-is-born,N/A
N/A,not_found,0,To The Ends Of The Earth,to-the-ends-of-the-earth,N/A
N/A,not_found,0,Ask Seek Knock,ask-seek-knock,N/A
N/A,not_found,0,Call To Me,call-to-me,N/A
N/A,not_found,0,Convinced,convinced,N/A
N/A,not_found,0,Crushed,crushed,N/A
N/A,not_found,0,Do Everything in Love,do-everything-in-love,N/A
N/A,not_found,0,Do Not Be Anxious,do-not-be-anxious,N/A
N/A,not_found,0,Do Not Fear,do-not-fear,N/A
N/A,not_found,0,Never Be Shaken,never-be-shaken,N/A
N/A,not_found,0,Out of the Mud,out-of-the-mud,N/A
N/A,not_found,0,Refuge and Strength,refuge-and-strength,N/A
N/A,not_found,0,The Good Song,the-good-song,N/A
N/A,not_found,0,Worthy is the Lamb,worthy-is-the-lamb,N/A
N/A,not_found,0,Carry It On,carry-it-on,N/A
N/A,not_found,0,Eternal Life,eternal-life,N/A
N/A,not_found,0,Grace (La-De-Da),grace-la-de-da,N/A
N/A,not_found,0,No Greater Love (Remain in Me),no-greater-love-remain-in-me,N/A
N/A,not_found,0,The Light Of The World,the-light-of-the-world,N/A
N/A,not_found,0,They Will See God,they-will-see-god,N/A
N/A,not_found,0,Hey Man,hey-man,N/A
N/A,not_found,0,New Creation,new-creation,N/A
N/A,not_found,0,Amen,amen,N/A
N/A,not_found,0,Better Than Life,better-than-life,N/A
N/A,not_found,0,His Love Endures,his-love-endures,N/A
N/A,not_found,0,Mighty To Save,mighty-to-save,N/A
N/A,not_found,0,Praise The Lord,praise-the-lord,N/A
N/A,not_found,0,Shout,shout,N/A
N/A,not_found,0,Sing For Joy,sing-for-joy,N/A
N/A,not_found,0,Sing Praise To Him,sing-praise-to-him,N/A
N/A,not_found,0,The Mouth,the-mouth,N/A
N/A,not_found,0,The Rock Eternal,the-rock-eternal,N/A
N/A,not_found,0,Undivided Heart,undivided-heart,N/A
N/A,not_found,0,Be Still,be-still,N/A
N/A,not_found,0,Be Joyful Always,be-joyful-always,N/A
N/A,not_found,0,Delight Yourself In The Lord,delight-yourself-in-the-lord,N/A
N/A,not_found,0,Fishers Of Men,fishers-of-men,N/A
N/A,not_found,0,Follow Me,follow-me,N/A
N/A,not_found,0,If God Is For Us,if-god-is-for-us,N/A
N/A,not_found,0,Life And Breath,life-and-breath,N/A
N/A,not_found,0,Seek First,seek-first,N/A
N/A,not_found,0,Treasure,treasure,N/A
N/A,not_found,0,Trust In The Lord,trust-in-the-lord,N/A
N/A,not_found,0,Children of God,children-of-god,N/A
N/A,not_found,0,Life in His Name,life-in-his-name,N/A
N/A,not_found,0,So Much More,so-much-more,N/A
N/A,not_found,0,Your Kingdom Come,your-kingdom-come,N/A
N/A,not_found,0,Every Tear,every-tear,N/A
N/A,not_found,0,God Created,god-created,N/A
N/A,not_found,0,Serve The Lord,serve-the-lord,N/A
N/A,not_found,0,We Have Seen His Glory,we-have-seen-his-glory,N/A
N/A,not_found,0,Fight For Your Family,fight-for-your-family,N/A
N/A,not_found,0,Helmets & Swords,helmets-swords,N/A
N/A,not_found,0,Shoes For Your Feet,shoes-for-your-feet,N/A
N/A,not_found,0,Stand Firm,stand-firm,N/A
N/A,not_found,0,Take Captive Every Thought,take-captive-every-thought,N/A
N/A,not_found,0,The Armor of God,the-armor-of-god,N/A
N/A,not_found,0,The Shield of Faith,the-shield-of-faith,N/A
N/A,not_found,0,God Is Creator,god-is-creator,N/A
N/A,not_found,0,God Is Everlasting,god-is-everlasting,N/A
N/A,not_found,0,God Is Faithful,god-is-faithful,N/A
N/A,not_found,0,God Is Holy,god-is-holy,N/A
N/A,not_found,0,God Is Jealous,god-is-jealous,N/A
N/A,not_found,0,God Is Light,god-is-light,N/A
N/A,not_found,0,God Is Love,god-is-love,N/A
N/A,not_found,0,God Is Spirit And Truth,god-is-spirit-and-truth,N/A
N/A,not_found,0,God Is Unchanging,god-is-unchanging,N/A
N/A,not_found,0,God Is Wise,god-is-wise,N/A
N/A,not_found,0,We Trust,we-trust,N/A
N/A,not_found,0,Not Even One,not-even-one,N/A
N/A,not_found,0,Cast Your Cares,cast-your-cares,N/A
N/A,not_found,0,Go,go,N/A
N/A,not_found,0,Heavenly Lights,heavenly-lights,N/A
N/A,not_found,0,Soar Like Eagles,soar-like-eagles,N/A
N/A,not_found,0,Take Heart,take-heart,N/A
N/A,not_found,0,The Secret,the-secret,N/A
N/A,not_found,0,Think About It,think-about-it,N/A
N/A,not_found,0,Joy,joy,N/A
N/A,not_found,0,The Resurrection,the-resurrection,N/A
N/A,not_found,0,A Woman Who Fears The Lord,a-woman-who-fears-the-lord,N/A
N/A,not_found,0,Act Like Men,act-like-men,N/A
N/A,not_found,0,Breathed Out,breathed-out,N/A
N/A,not_found,0,Do What It Says,do-what-it-says,N/A
N/A,not_found,0,Impress Them,impress-them,N/A
N/A,not_found,0,The Word Of God,the-word-of-god,N/A
N/A,not_found,0,Your Life Is Hidden,your-life-is-hidden,N/A
N/A,not_found,0,A Great Nation,a-great-nation,N/A
N/A,not_found,0,All Things,all-things,N/A
N/A,not_found,0,Breathed Out By God,breathed-out-by-god,N/A
N/A,not_found,0,By Faith,by-faith,N/A
N/A,not_found,0,Dominion,dominion,N/A
N/A,not_found,0,He Is Faithful,he-is-faithful,N/A
N/A,not_found,0,The Old Testament Song,the-old-testament-song,N/A
N/A,not_found,0,Trust,trust,N/A
N/A,not_found,0,Acceptable,acceptable,N/A
N/A,not_found,0,Come To Me,come-to-me,N/A
N/A,not_found,0,Fearfully And Wonderfully Made,fearfully-and-wonderfully-made,N/A
N/A,not_found,0,I Will Make Known,i-will-make-known,N/A
N/A,not_found,0,My Soul Finds Rest,my-soul-finds-rest,N/A
N/A,not_found,0,Peaceful Lullaby,peaceful-lullaby,N/A
N/A,not_found,0,The Way Of Life,the-way-of-life,N/A
N/A,not_found,0,You Are My God,you-are-my-god,N/A
N/A,not_found,0,Your Faithfulness,your-faithfulness,N/A
N/A,not_found,0,"Wisdom, Stature, and Favor",wisdom-stature-and-favor,N/A
N/A,not_found,0,Genuine,genuine,N/A
N/A,not_found,0,From the Rising of the Sun,from-the-rising-of-the-sun,N/A
N/A,not_found,0,Do So To Them,do-so-to-them,N/A
N/A,not_found,0,God Created Man,god-created-man,N/A
N/A,not_found,0,Wonderful,wonderful,N/A
N/A,not_found,0,Lead Me To The Rock,lead-me-to-the-rock,N/A
N/A,not_found,0,The Yearning,the-yearning,N/A
N/A,not_found,0,Forever Faithful,forever-faithful,N/A
N/A,not_found,0,When I Look at the Heavens,when-i-look-at-the-heavens,N/A
N/A,not_found,0,H.E.R.O.,h-e-r-o,N/A
N/A,not_found,0,Jesus Christ is Lord,jesus-christ-is-lord,N/A
N/A,not_found,0,Your Word in My Heart,your-word-in-my-heart,N/A
N/A,not_found,0,Servant of All,servant-of-all,N/A
N/A,not_found,0,Wonderfully Made,wonderfully-made,N/A
N/A,not_found,0,He's Not Far From Us,he-s-not-far-from-us,N/A
N/A,not_found,0,King of the Ages,king-of-the-ages,N/A
N/A,not_found,0,Be Strong in the Lord,be-strong-in-the-lord,N/A
N/A,not_found,0,Every Word of God,every-word-of-god,N/A
N/A,not_found,0,Far More Abundantly,far-more-abundantly,N/A
N/A,not_found,0,Listen To Me,listen-to-me,N/A
N/A,not_found,0,Whatever You Do,whatever-you-do,N/A
N/A,not_found,0,The Greatest Commandment,the-greatest-commandment,N/A
N/A,not_found,0,Faith,faith,N/A
